Order ID,Card Name,Set,Rarity,Card Type,Purchase Date,Purchase Price,Sale Date,Sale Price,Profit Before Fees,Return On Investment,Holding Period
97045F35-7062EE-3A829,Pestilence Demon,Rise of the Eldrazi,Rare,Creature,5/1/2019,$0.25,4/5/2023,$0.65,$0.40,160.00%,1435 days
97045F35-EF8A9C-3E909,Vitalize,Sixth Edition,Common,Instant,5/1/2019,$0.25,4/5/2023,$0.91,$0.66,264.00%,1435 days
97045F35-82C30D-0FD9E,No Rest for the Wicked,Tenth Edition,Uncommon,Enchantment,5/2/2019,$0.25,4/5/2023,$0.46,$0.21,84.00%,1434 days
97045F35-7D91D9-74736,Victory's Herald,Mirrodin Besieged,Rare,Creature,5/2/2019,$0.25,4/5/2023,$0.22,-$0.03,-12.00%,1434 days
97045F35-A47BA9-AA974,Amoeboid Changeling,Premium Deck Series: Slivers,Rare,Creature,12/6/2022,$0.25,12/6/2022,$1.50,$1.25,500.00%,0 days
97045F35-99FBC6-25BCD,Lightning Strike,Dominaria United,Common,Instant,1/1/2010,$0.25,12/6/2022,$0.02,-$0.23,-92.00%,4722 days
97045F35-99FBC6-25BCD,Invoke the Winds,Kamigawa: Neon Dynasty,Rare,Sorcery,1/1/2010,$0.25,12/6/2022,$0.04,-$0.21,-84.00%,4722 days
97045F35-9C9084-09299,Toil/Trouble,Dragon's Maze,Uncommon,Sorcery,1/1/2010,$0.25,12/7/2022,$0.01,-$0.24,-96.00%,4723 days
97045F35-BE451A-E8D0A,Rendclaw Trow,Eventide,Common,Creature,1/1/2010,$0.25,,,-$0.25,-100.00%,-40179 days
97045F35-A642C5-C75F6,Harrow,Zendikar,Common,Sorcery,1/1/2010,$0.25,12/10/2022,$0.25,$0.00,0.00%,4726 days
97045F35-8D4ED6-8B337,Dragon's Fire,Adventures in the Forgotten Realms,Common,,1/1/2010,$0.25,12/12/2022,$0.05,-$0.20,-80.00%,4728 days
97045F35-70327F-1697A,Ramosian Revivalist,Future Sight,Uncommon,,1/1/2010,$0.25,,$0.05,-$0.20,-80.00%,-40179 days
97045F35-70327F-1697A,Samite Censer-Bearer,Future Sight,Common,,1/1/2010,$0.25,,$0.02,-$0.23,-92.00%,-40179 days
97045F35-70327F-1697A,Errant Doomsayers,Time Spiral,Common,,1/1/2010,$0.25,,$0.02,-$0.23,-92.00%,-40179 days
97045F35-70327F-1697A,Knight of the Holy Nimbus,Time Spiral,Uncommon,,1/1/2010,$0.25,,$0.10,-$0.15,-60.00%,-40179 days
97045F35-70327F-1697A,Zealot il-Vec,Time Spiral,Common,,1/1/2010,$0.25,,$0.05,-$0.20,-80.00%,-40179 days
97045F35-3A2907-1E2CB,Magic - Conflux: Scattershot Archer - C - Near Mint,Conflux,Common,,1/1/2010,$0.25,,$0.52,$0.27,108.00%,-40179 days
97045F35-3A2907-1E2CB,Magic - Future Sight: Thornweald Archer - #154 - C - Near Mint,Future Sight,Common,,1/1/2010,$0.25,,$0.08,-$0.17,-68.00%,-40179 days
97045F35-3A2907-1E2CB,"Magic - Commander: Streets of New Capenna: Arcane Signet - #360 - C
- Near Mint",Commander: Streets of New Capenna,Common,,1/1/2010,$0.25,,$0.70,$0.45,180.00%,-40179 days
97045F35-3A2907-1E2CB,Magic - Commander: Streets of New Capenna: Canopy Vista - #389 - R - Near Mint,Commander: Streets of New Capenna,Rare,,1/1/2010,$0.25,,$0.58,$0.33,132.00%,-40179 days
97045F35-3A2907-1E2CB,"Magic - Commander: Streets of New Capenna: Gavony Township - #406
- R - Near Mint",Commander: Streets of New Capenna,Rare,,1/1/2010,$0.25,,$1.00,$0.75,300.00%,-40179 days
97045F35-E6E90C-7E5C8,Magic - Planechase: Arcbound Crusher - U - Near Mint,Planechase,Uncommon,,1/1/2010,$0.25,,$1.51,$1.26,504.00%,-40179 days
97045F35-BB924A-1D163,Magic - Magic 2010 (M10): Soul Warden - #34 - C - Near Mint Foil,M10-23 Core Set,Common,,1/1/2010,$0.25,,$10.75,$10.50,4200.00%,-40179 days
97045F35-DC8491-95727,Magic - Adventures in the Forgotten Realms: Vampire Spawn - #123 - C - Near Mint,Adventures in the Forgotten Realms,Common,,1/1/2010,$0.25,,$0.01,-$0.24,-96.00%,-40179 days
97045F35-DC8491-95727,Magic - Adventures in the Forgotten Realms: Vampire Spawn - #123 - C - Near Mint,Adventures in the Forgotten Realms,Common,,1/1/2010,$0.25,,$0.01,-$0.24,-96.00%,-40179 days
97045F35-DC8491-95727,Magic - Adventures in the Forgotten Realms: Vampire Spawn - #123 - C - Near Mint,Adventures in the Forgotten Realms,Common,,1/1/2010,$0.25,,$0.01,-$0.24,-96.00%,-40179 days
97045F35-DC8491-95727,Magic - Adventures in the Forgotten Realms: Vampire Spawn - #123 - C - Near Mint,Adventures in the Forgotten Realms,Common,,1/1/2010,$0.25,,$0.01,-$0.24,-96.00%,-40179 days
97045F35-DC8491-95727,Magic - Theros Beyond Death: Transcendent Envoy - #40 - C - Near Mint,Adventures in the Forgotten Realms,Common,,1/1/2010,$0.25,,$0.07,-$0.18,-72.00%,-40179 days
97045F35-DC8491-95727,Magic - Theros Beyond Death: Transcendent Envoy - #40 - C - Near Mint,Adventures in the Forgotten Realms,Common,,1/1/2010,$0.25,,$0.07,-$0.18,-72.00%,-40179 days
97045F35-12AAB0-C7E71,"Magic - Adventures in the Forgotten Realms: Scaled Herbalist - #204 - C
- Near Mint",Adventures in the Forgotten Realms,Common,,1/1/2010,$0.25,,$0.02,-$0.23,-92.00%,-40179 days
97045F35-B6E6DD-1851D,Magic - Adventures in the Forgotten Realms: Fighter Class - #222 - R - Near Mint,Adventures in the Forgotten Realms,Rare,,1/1/2010,$0.25,,$0.75,$0.50,200.00%,-40179 days
97045F35-B2C542-91388,Magic - Adventures in the Forgotten Realms: Critical Hit - #137 - U - Near Mint,Adventures in the Forgotten Realms,Uncommon,,1/1/2010,$0.25,,$0.07,-$0.18,-72.00%,-40179 days
97045F35-B2C542-91388,Magic - Adventures in the Forgotten Realms: Fifty Feet of Rope - #244 - U - Near Mint,Adventures in the Forgotten Realms,Uncommon,,1/1/2010,$0.25,,$0.01,-$0.24,-96.00%,-40179 days
97045F35-B2C542-91388,Magic - Adventures in the Forgotten Realms: Green Dragon - #186 - U - Near Mint,Adventures in the Forgotten Realms,Uncommon,,1/1/2010,$0.25,,$0.04,-$0.21,-84.00%,-40179 days
97045F35-B2C542-91388,Magic - Adventures in the Forgotten Realms: Wight - #127 - R - Near Mint,Adventures in the Forgotten Realms,Rare,,1/1/2010,$0.25,,$0.15,-$0.10,-40.00%,-40179 days
97045F35-AFDC15-7C925,Magic - Adventures in the Forgotten Realms: Evolving Wilds - #256 - C - Near Mint,Adventures in the Forgotten Realms,Common,,1/1/2010,$0.25,,$0.05,-$0.20,-80.00%,-40179 days
97045F35-AFDC15-7C925,Magic - Adventures in the Forgotten Realms: Feign Death - #103 - C - Near Mint,Adventures in the Forgotten Realms,Common,,1/1/2010,$0.25,,$0.51,$0.26,104.00%,-40179 days
97045F35-AFDC15-7C925,Magic - Adventures in the Forgotten Realms: Iron Golem - #247 - U - Near Mint,Adventures in the Forgotten Realms,Uncommon,,1/1/2010,$0.25,,$0.01,-$0.24,-96.00%,-40179 days
97045F35-AFDC15-7C925,Magic - Adventures in the Forgotten Realms: Owlbear - #198 - C - Near Mint,Adventures in the Forgotten Realms,Common,,1/1/2010,$0.25,,$0.01,-$0.24,-96.00%,-40179 days
97045F35-AFDC15-7C925,"""Magic - Adventures in the Forgotten Realms: Plundering Barbarian - #158
- C - Near Mint""",Adventures in the Forgotten Realms,Common,,1/1/2010,$0.25,,$0.02,-$0.23,-92.00%,-40179 days
97045F35-AFDC15-7C925,Magic - Theros Beyond Death: Gray Merchant of Asphodel - #99 - U - Near Mint,Theros: Beyond Death,Uncommon,,1/1/2010,$0.25,,$0.46,$0.21,84.00%,-40179 days
97045F35-AFDC15-7C925,Magic - Rise of the Eldrazi: Sea Gate Oracle - #85 - C - Near Mint,Rise of the Eldrazi,Common,,1/1/2010,$0.25,,$0.10,-$0.15,-60.00%,-40179 days
97045F35-AFDC15-7C925,Magic - Rise of the Eldrazi: Ulamog's Crusher - #13 - C - Near Mint,Rise of the Eldrazi,Common,,1/1/2010,$0.25,,$0.20,-$0.05,-20.00%,-40179 days
97045F35-AFDC15-7C925,Magic - Zendikar: Adventuring Gear - #195 - C - Near Mint,Zendikar,Common,,1/1/2010,$0.25,,$0.15,-$0.10,-40.00%,-40179 days
97045F35-AFDC15-7C925,Magic - Eventide: Desecrator Hag - C - Near Mint,Eventide,Common,,1/1/2010,$0.25,,$0.05,-$0.20,-80.00%,-40179 days
97045F35-AFDC15-7C925,Magic - Lorwyn: Oblivion Ring - #34 - C - Near Mint,Lorwyn,Common,,1/1/2010,$0.25,,$0.20,-$0.05,-20.00%,-40179 days
97045F35-AFDC15-7C925,Magic - Magic 2010 (M10): Terramorphic Expanse - #229 - C - Lightly Played,M10-23 Core Set,Common,,1/1/2010,$0.25,,$0.18,-$0.07,-28.00%,-40179 days
97045F35-8AD2D0-25D43,"Magic - Adventures in the Forgotten Realms: Shambling Ghast - #119 - C
- Near Mint",Adventures in the Forgotten Realms,Common,,1/1/2010,$0.25,,$0.15,-$0.10,-40.00%,-40179 days
97045F35-8AD2D0-25D43,"Magic - Adventures in the Forgotten Realms: Shambling Ghast - #119 - C
- Near Mint",Adventures in the Forgotten Realms,Common,,1/1/2010,$0.25,,$0.15,-$0.10,-40.00%,-40179 days
97045F35-8AD2D0-25D43,"Magic - Adventures in the Forgotten Realms: Shambling Ghast - #119 - C
- Near Mint",Adventures in the Forgotten Realms,Common,,1/1/2010,$0.25,,$0.15,-$0.10,-40.00%,-40179 days
97045F35-9A3CA4-1822F,Magic - Time Spiral: Grapeshot - #160 - C - Near Mint,Time Spiral,Common,,1/1/2010,$0.25,,$0.19,-$0.06,-24.00%,-40179 days
97045F35-9A3CA4-1822F,Magic - Commander: Streets of New Capenna: Fellwar Stone - #367 - U - Near Mint,Commander: Streets of New Capenna,Uncommon,,1/1/2010,$0.25,,$0.78,$0.53,212.00%,-40179 days
97045F35-3643A3-94B50,Magic - Adventures in the Forgotten Realms: Burning Hands - #135 - U - Near Mint,Adventures in the Forgotten Realms,Uncommon,,1/1/2010,$0.25,,$0.03,-$0.22,-88.00%,-40179 days
97045F35-3643A3-94B50,Magic - Adventures in the Forgotten Realms: Dragon's Fire - #139 - C - Near Mint,Adventures in the Forgotten Realms,Common,,1/1/2010,$0.25,,$0.05,-$0.20,-80.00%,-40179 days
97045F35-3643A3-94B50,Magic - Adventures in the Forgotten Realms: Hobgoblin Captain - #148 - C - Near Mint,Adventures in the Forgotten Realms,Common,,1/1/2010,$0.25,,$0.01,-$0.24,-96.00%,-40179 days
97045F35-3643A3-94B50,Magic - Adventures in the Forgotten Realms: Owlbear - #198 - C - Near Mint,Adventures in the Forgotten Realms,Common,,1/1/2010,$0.25,,$0.01,-$0.24,-96.00%,-40179 days
97045F35-3643A3-94B50,Magic - Adventures in the Forgotten Realms: Ranger Class - #202 - R - Near Mint,Adventures in the Forgotten Realms,Rare,,1/1/2010,$0.25,,$0.25,$0.00,0.00%,-40179 days
97045F35-3643A3-94B50,Magic - Adventures in the Forgotten Realms: Warlock Class - #125 - U - Near Mint,Adventures in the Forgotten Realms,Uncommon,,1/1/2010,$0.25,,$0.05,-$0.20,-80.00%,-40179 days
97045F35-D59AEE-77741,Magic - Magic 2014 (M14): Brave the Elements - #10 - U - Near Mint,M10-23 Core Set,Uncommon,,1/1/2010,$0.25,,$0.75,$0.50,200.00%,-40179 days
97045F35-D59AEE-77741,Magic - Magic 2014 (M14): Brave the Elements - #10 - U - Near Mint,M10-23 Core Set,Uncommon,,1/1/2010,$0.25,,$0.75,$0.50,200.00%,-40179 days
97045F35-CBA45A-7D1AF,Magic - Lorwyn: Lignify - #228 - C - Near Mint,Lorwyn,Common,,1/1/2010,$0.25,,$0.69,$0.44,176.00%,-40179 days
97045F35-60EC65-FB164,Magic - Adventures in the Forgotten Realms: Secret Door - #71 - C - Near Mint,Adventures in the Forgotten Realms,Common,,1/1/2010,$0.25,,$0.01,-$0.24,-96.00%,-40179 days
97045F35-60EC65-FB164,Magic - Conflux: Scattershot Archer - C - Near Mint,Conflux,Common,,1/1/2010,$0.25,,$0.52,$0.27,108.00%,-40179 days
97045F35-EED680-EDE6E,Magic - Dominaria United: Phoenix Chick - #140 - U - Near Mint,Dominaria United,Uncommon,,1/1/2010,$0.25,,$0.32,$0.07,28.00%,-40179 days
97045F35-EED680-EDE6E,Magic - Kamigawa: Neon Dynasty: Touch the Spirit Realm - #40 - U - Near Mint,Kamigawa: Neon Dynasty,Uncommon,,1/1/2010,$0.25,,$0.10,-$0.15,-60.00%,-40179 days
97045F35-EED680-EDE6E,Magic - Adventures in the Forgotten Realms: Moon-Blessed Cleric - #26 - U - Near Mint,Adventures in the Forgotten Realms,Uncommon,,1/1/2010,$0.25,,$0.74,$0.49,196.00%,-40179 days
97045F35-EED680-EDE6E,Magic - Adventures in the Forgotten Realms: Moon-Blessed Cleric - #26 - U - Near Mint,Adventures in the Forgotten Realms,Common,,1/1/2010,$0.25,,$0.74,$0.49,196.00%,-40179 days
97045F35-EED680-EDE6E,Magic - Theros Beyond Death: Stern Dismissal - #68 - C - Near Mint,Theros: Beyond Death,Common,,1/1/2010,$0.25,,$0.08,-$0.17,-68.00%,-40179 days
97045F35-EED680-EDE6E,Magic - Magic 2013 (M13): Archaeomancer - #41 - C - Near Mint,M10-23 Core Set,Common,,1/1/2010,$0.25,,$0.22,-$0.03,-12.00%,-40179 days
97045F35-EED680-EDE6E,Magic - Zendikar: Spell Pierce - #67 - C - Near Mint,Zendikar,Common,,1/1/2010,$0.25,,$0.20,-$0.05,-20.00%,-40179 days
97045F35-62351A-31110,Magic - Adventures in the Forgotten Realms: Deadly Dispute - #94 - C - Near Mint,Adventures in the Forgotten Realms,Common,,1/1/2010,$0.25,,$0.90,$0.65,260.00%,-40179 days
97045F35-F56E82-F2DB1,"Magic - Conflux: Nicol Bolas, Planeswalker - #120 - M - Near Mint Foil",Conflux,Mythic Rare,,1/1/2010,$0.25,,$22.98,$22.73,9092.00%,-40179 days
97045F35-181E15-04097,Magic - Planar Chaos: Dawn Charm - #4 - C - Near Mint,Planar Chaos,Common,,1/1/2010,$0.25,,$0.20,-$0.05,-20.00%,-40179 days
97045F35-9F8257-E8029,Magic - Magic 2010 (M10): Prodigal Pyromancer - #151 - U - Near Mint,M10-23 Core Set,Uncommon,,1/1/2010,$0.25,,$0.07,-$0.18,-72.00%,-40179 days
97045F35-9F8257-E8029,Magic - Time Spiral: Grapeshot - #160 - C - Near Mint,Time Spiral,Common,,1/1/2010,$0.25,,$0.19,-$0.06,-24.00%,-40179 days
97045F35-06FA30-66427,"Magic - Commander: Streets of New Capenna: Flooded Grove - #402 - R
- Near Mint",Commander: Streets of New Capenna,Rare,,1/1/2010,$0.25,,$1.98,$1.73,692.00%,-40179 days
97045F35-51C451-997E5,Magic - Time Spiral: Grapeshot - #160 - C - Near Mint,Time Spiral,Common,,1/1/2010,$0.25,,$0.19,-$0.06,-24.00%,-40179 days
97045F35-1CA2D1-BB2EF,"Magic - Adventures in the Forgotten Realms: Oswald Fiddlebender - #28
- R - Near Mint",Adventures in the Forgotten Realms,Rare,,1/1/2010,$0.25,,$1.49,$1.24,496.00%,-40179 days
97045F35-0E5786-FAFC0,"Magic - Kamigawa: Neon Dynasty: Mountain (299) - JP Full Art - #299 - L
- Near Mint",Kamigawa: Neon Dynasty,Common,,1/1/2010,$0.25,,$1.55,$1.30,520.00%,-40179 days
97045F35-0E5786-FAFC0,"Magic - Kamigawa: Neon Dynasty: Mountain (299) - JP Full Art - #299 - L
- Near Mint",Kamigawa: Neon Dynasty,Common,,1/1/2010,$0.25,,$1.55,$1.30,520.00%,-40179 days
97045F35-406D8B-B4F12,"Magic - Kamigawa: Neon Dynasty: Goro-Goro, Disciple of Ryusei - #145 - R - Near Mint",Kamigawa: Neon Dynasty,Rare,,1/1/2010,$0.25,,$0.38,$0.13,52.00%,-40179 days
97045F35-406D8B-B4F12,"Magic - Commander: Streets of New Capenna: Generous Gift - #201 - U
- Near Mint",Commander: Streets of New Capenna,Uncommon,,1/1/2010,$0.25,,$1.88,$1.63,652.00%,-40179 days
97045F35-0F5ED3-BA55E,Magic - Adventures in the Forgotten Realms: Eye of Vecna - #243 - R - Near Mint,Adventures in the Forgotten Realms,Rare,,1/1/2010,$0.25,,$0.33,$0.08,32.00%,-40179 days
97045F35-67543D-0F8B2,Magic - 10th Edition: Soul Warden - #44 - U - Near Mint,Tenth Edition,Uncommon,,1/1/2010,$0.25,,$1.33,$1.08,432.00%,-40179 days
97045F35-B70D8B-C4793,Magic - Kamigawa: Neon Dynasty: Forest (301) - JP Full Art - #301 - L - Near Mint,Kamigawa: Neon Dynasty,Common,,1/1/2010,$0.25,,$0.94,$0.69,276.00%,-40179 days
97045F35-B70D8B-C4793,"Magic - Adventures in the Forgotten Realms: Ebondeath, Dracolich - #100 - M - Near Mint",Adventures in the Forgotten Realms,Mythic Rare,,1/1/2010,$0.25,,$2.50,$2.25,900.00%,-40179 days
97045F35-B70D8B-C4793,Magic - Zendikar Rising: Gnarlid Colony - #185 - C - Near Mint,Zendikar Rising,Common,,1/1/2010,$0.25,,$0.05,-$0.20,-80.00%,-40179 days
97045F35-B70D8B-C4793,Magic - Zendikar Rising: Gnarlid Colony - #185 - C - Near Mint,Zendikar Rising,Common,,1/1/2010,$0.25,,$0.05,-$0.20,-80.00%,-40179 days
97045F35-B70D8B-C4793,Magic - Core Set 2021: Llanowar Visionary - #193 - C - Near Mint,M10-23 Core Set,Common,,1/1/2010,$0.25,,$0.11,-$0.14,-56.00%,-40179 days
97045F35-B70D8B-C4793,Magic - Aether Revolt: Unbridled Growth - #126 - C - Near Mint,Aether Revolt,Common,,1/1/2010,$0.25,,$0.07,-$0.18,-72.00%,-40179 days
97045F35-B70D8B-C4793,Magic - Aether Revolt: Unbridled Growth - #126 - C - Near Mint,Aether Revolt,Common,,1/1/2010,$0.25,,$0.07,-$0.18,-72.00%,-40179 days
97045F35-B70D8B-C4793,Magic - Aether Revolt: Unbridled Growth - #126 - C - Near Mint,Aether Revolt,Common,,1/1/2010,$0.25,,$0.07,-$0.18,-72.00%,-40179 days
97045F35-B70D8B-C4793,Magic - Scars of Mirrodin: Myr Galvanizer - U - Near Mint,Scars of Mirrodin,Uncommon,,1/1/2010,$0.25,,$0.28,$0.03,12.00%,-40179 days
97045F35-B70D8B-C4793,Magic - Rise of the Eldrazi: Ulamog's Crusher - #13 - C - Near Mint,Rise of the Eldrazi,Common,,1/1/2010,$0.25,,$0.33,$0.08,32.00%,-40179 days
97045F35-B70D8B-C4793,Magic - Magic 2010 (M10): Llanowar Elves - #189 - C - Near Mint,M10-23 Core Set,Common,,1/1/2010,$0.25,,$0.24,-$0.01,-4.00%,-40179 days
97045F35-B70D8B-C4793,Magic - Onslaught: Overwhelming Instinct - U - Near Mint,Onslaught,Common,,1/1/2010,$0.25,,$0.36,$0.11,44.00%,-40179 days
97045F35-B70D8B-C4793,"Magic - Commander: Kamigawa: Neon Dynasty: Chishiro, the Shattered Blade - #1 - M - Near Mint",Commander: Kamigawa Neon Dynasty,Uncommon,,1/1/2010,$0.25,,$0.26,$0.01,4.00%,-40179 days
97045F35-B70D8B-C4793,Magic - Urza's Destiny: Taunting Elf - #122 - C - Lightly Played,Urza's Destiny,Mythic Rare,,1/1/2010,$0.25,,$0.18,-$0.07,-28.00%,-40179 days
97045F35-B70D8B-C4793,"""Magic - Dominaria United: Queen Allenal of Ruadach (Textured Foil)
- #350 - U - Lightly Played Foil""",Dominaria United,Common,,1/1/2010,$0.25,,$0.49,$0.24,96.00%,-40179 days
97045F35-8C580C-7F323,Magic - Scars of Mirrodin: Ichor Rats - #67 - U - Near Mint,Scars of Mirrodin,Uncommon,,1/1/2010,$0.25,,$1.10,$0.85,340.00%,-40179 days
97045F35-E00DC2-20657,Magic - Jumpstart: Unstable Obelisk - #489 - U - Near Mint,JumpStart,Uncommon,,1/1/2010,$0.01,,$0.09,$0.08,800.00%,-40179 days
97045F35-E85BDC-1D6DC,Magic - Jumpstart: Unstable Obelisk - #489 - U - Near Mint,JumpStart,Uncommon,,1/1/2010,$0.25,,$0.09,-$0.16,-64.00%,-40179 days
97045F35-0FAB82-83C66,Magic - Adventures in the Forgotten Realms: Reaper's Talisman - #117 - U - Near Mint,Adventures in the Forgotten Realms,Uncommon,,1/1/2010,$0.25,,$0.05,-$0.20,-80.00%,-40179 days
97045F35-0FAB82-83C66,Magic - Theros Beyond Death: Mire Triton - #105 - U - Near Mint,Theros: Beyond Death,Uncommon,,1/1/2010,$0.25,,$0.11,-$0.14,-56.00%,-40179 days
97045F35-0FAB82-83C66,Magic - Commander 2021: Opal Palace - #306 - C - Near Mint,Commander: 2021,Common,,1/1/2010,$0.25,,$0.10,-$0.15,-60.00%,-40179 days
97045F35-F9F362-7F127,Magic - Zendikar Rising: Marauding Blight-Priest - #112 - C - Near Mint,Zendikar Rising,Common,,1/1/2010,$0.25,,$0.22,-$0.03,-12.00%,-40179 days
97045F35-F9F362-7F127,Magic - Zendikar Rising: Marauding Blight-Priest - #112 - C - Near Mint,Zendikar Rising,Common,,1/1/2010,$0.25,,$0.22,-$0.03,-12.00%,-40179 days
97045F35-8713C6-F7A02,Magic - Core Set 2020: Epicure of Blood - #99 - C - Near Mint,M10-23 Core Set,Common,,1/1/2010,$0.25,,$0.08,-$0.17,-68.00%,-40179 days
97045F35-CBA425-1781B,Magic - Worldwake: Bazaar Trader - #72 - R - Near Mint,WorldWake,Rare,,1/1/2010,$0.25,,$1.25,$1.00,400.00%,-40179 days
97045F35-A9CDC4-B33C3,Magic - Zendikar Rising: Tajuru Blightblade - #208 - C - Near Mint,Zendikar Rising,Common,,1/1/2010,$0.25,,$0.06,-$0.19,-76.00%,-40179 days
97045F35-91DF72-20EE7,Magic - Core Set 2021: Tolarian Kraken - #80 - U - Near Mint,M10-23 Core Set,Uncommon,,1/1/2010,$0.25,,$0.06,-$0.19,-76.00%,-40179 days
97045F35-131CBB-A93E9,Magic - Zendikar Rising: Tajuru Blightblade - #208 - C - Near Mint,Zendikar Rising,Common,,1/1/2010,$0.25,,$0.06,-$0.19,-76.00%,-40179 days
97045F35-AD6CCA-D3F1C,Magic - Zendikar Rising: Marauding Blight-Priest - #112 - C - Near Mint,Zendikar Rising,Rare,,1/1/2010,$0.25,,$0.22,-$0.03,-12.00%,-40179 days
97045F35-C515BC-E0145,Magic - Commander: Streets of New Capenna: Slippery Bogbonder - #312 - R - Near Mint,Commander: Streets of New Capenna,Rare,,1/1/2010,$0.25,,$0.40,$0.15,60.00%,-40179 days
97045F35-0CDE6E-2B652,Magic - Zendikar Rising: Tajuru Blightblade - #208 - C - Near Mint,Zendikar Rising,Common,,1/1/2010,$0.25,,$0.25,$0.00,0.00%,-40179 days
97045F35-79EFA9-521FB,Magic - Commander: Streets of New Capenna: Sol Ring - #379 - U - Near Mint,Commander: Streets of New Capenna,Uncommon,,1/1/2010,$0.25,,$1.27,$1.02,408.00%,-40179 days
97045F35-C63717-9D1AB,Magic - Commander: Streets of New Capenna: Steelbane Hydra - #313 - R - Near Mint,Commander: Streets of New Capenna,Rare,,1/1/2010,$0.25,,$0.51,$0.26,104.00%,-40179 days
97045F35-41DFA1-7099F,Magic - Ikoria: Lair of Behemoths: Scoured Barrens - #254 - L - Near Mint,Ikoria,Common,,1/1/2010,$0.25,,$0.07,-$0.18,-72.00%,-40179 days
97045F35-CF3FA9-4E825,Magic - Aether Revolt: Efficient Construction - #33 - U - Near Mint,Aether Revolt,Uncommon,,1/1/2010,$0.25,,$0.48,$0.23,92.00%,-40179 days
97045F35-239FE9-BEB65,Magic - Theros Beyond Death: Plains - #250 - L - Near Mint,Theros: Beyond Death,Common,,1/1/2010,$0.25,,$0.54,$0.29,116.00%,-40179 days
97045F35-239FE9-BEB65,Magic - Theros Beyond Death: Plains - #250 - L - Near Mint,Theros: Beyond Death,Common,,1/1/2010,$0.25,,$0.54,$0.29,116.00%,-40179 days
97045F35-239FE9-BEB65,Magic - Theros Beyond Death: Plains - #250 - L - Near Mint,Theros: Beyond Death,Common,,1/1/2010,$0.25,,$0.54,$0.29,116.00%,-40179 days
97045F35-239FE9-BEB65,Magic - Theros Beyond Death: Plains - #250 - L - Near Mint,Theros: Beyond Death,Common,,1/1/2010,$0.25,,$0.54,$0.29,116.00%,-40179 days
97045F35-239FE9-BEB65,Magic - Theros Beyond Death: Plains - #250 - L - Near Mint,Theros: Beyond Death,Common,,1/1/2010,$0.25,,$0.54,$0.29,116.00%,-40179 days
97045F35-239FE9-BEB65,Magic - Theros Beyond Death: Plains - #250 - L - Near Mint,Theros: Beyond Death,Common,,1/1/2010,$0.25,,$0.54,$0.29,116.00%,-40179 days
97045F35-F3883D-CC06C,Magic - Commander: Kaldheim: Elvish Promenade - #59 - U - Near Mint,Commander: Kaldheim,Uncommon,,1/1/2010,$0.25,,$0.93,$0.68,272.00%,-40179 days
97045F35-F85B52-18F1D,Magic - Adventures in the Forgotten Realms: Teleportation Circle - #39 - R - Near Mint,Adventures in the Forgotten Realms,Rare,,1/1/2010,$0.25,,$3.25,$3.00,1200.00%,-40179 days
97045F35-129A2A-71170,Magic - Theros Beyond Death: Island - #251 - L - Near Mint,Theros: Beyond Death,Common,,1/1/2010,$0.25,,$1.88,$1.63,652.00%,-40179 days
97045F35-129A2A-71170,Magic - Theros Beyond Death: Island - #251 - L - Near Mint,Theros: Beyond Death,Common,,1/1/2010,$0.25,,$1.88,$1.63,652.00%,-40179 days
97045F35-129A2A-71170,Magic - Theros Beyond Death: Island - #251 - L - Near Mint,Theros: Beyond Death,Common,,1/1/2010,$0.25,,$1.88,$1.63,652.00%,-40179 days
97045F35-129A2A-71170,Magic - Theros Beyond Death: Island - #251 - L - Near Mint,Theros: Beyond Death,Common,,1/1/2010,$0.25,,$1.88,$1.63,652.00%,-40179 days
97045F35-129A2A-71170,Magic - Theros Beyond Death: Island - #251 - L - Near Mint,Theros: Beyond Death,Common,,1/1/2010,$0.25,,$1.88,$1.63,652.00%,-40179 days
97045F35-129A2A-71170,Magic - Theros Beyond Death: Island - #251 - L - Near Mint,Theros: Beyond Death,Common,,1/1/2010,$0.25,,$1.88,$1.63,652.00%,-40179 days
97045F35-129A2A-71170,Magic - Theros Beyond Death: Island - #251 - L - Near Mint,Theros: Beyond Death,Common,,1/1/2010,$0.25,,$1.88,$1.63,652.00%,-40179 days
97045F35-42100F-76878,Magic - Ice Age: Snow-Covered Swamp - #351 - L - Heavily Played,Ice Age,Common,,1/1/2010,$0.25,,$0.87,$0.62,248.00%,-40179 days
97045F35-42100F-76878,Magic - Ice Age: Snow-Covered Swamp - #351 - L - Heavily Played,Ice Age,Common,,1/1/2010,$0.25,,$0.87,$0.62,248.00%,-40179 days
97045F35-FB0F38-89EB4,Magic - Scars of Mirrodin: Nim Deathmantle - R - Near Mint,Scars of Mirrodin,Rare,,1/1/2010,$0.25,,$2.85,$2.60,1040.00%,-40179 days
97045F35-60572D-9C80C,Magic - Kamigawa: Neon Dynasty: Invoke Justice - #21 - R - Near Mint,Kamigawa: Neon Dynasty,Rare,,1/1/2010,$0.25,,$0.07,-$0.18,-72.00%,-40179 days
97045F35-60572D-9C80C,Magic - Duel Decks: Divine vs. Demonic: Reya Dawnbringer - R - Near Mint,Duel Decks:Divine vs. Demonic,Rare,,1/1/2010,$0.25,,$2.00,$1.75,700.00%,-40179 days
97045F35-ED3FE9-E7761,Magic - Rise of the Eldrazi: Lighthouse Chronologist - #75 - M - Near Mint,Rise of the Eldrazi,Mythic Rare,,1/1/2010,$0.25,,$10.49,$10.24,4096.00%,-40179 days
97045F35-5AC68E-643AB,Magic - Magic 2010 (M10): Captain of the Watch - #6 - R - Near Mint,M10-23 Core Set,Rare,,1/1/2010,$0.25,,$0.52,$0.27,108.00%,-40179 days
97045F35-6FB4BD-BDF20,Magic - Theros Beyond Death: Destiny Spinner - #168 - U - Near Mint,Theros: Beyond Death,Uncommon,,1/1/2010,$0.25,,$2.56,$2.31,924.00%,-40179 days
97045F35-6FB4BD-BDF20,"Magic - Theros Beyond Death: Renata, Called to the Hunt - #196 - U - Near Mint",Theros: Beyond Death,Uncommon,,1/1/2010,$0.25,,$0.28,$0.03,12.00%,-40179 days
97045F35-786809-DAEEF,"Magic - Commander: Streets of New Capenna: Swiftfoot Boots - #382 - U
- Near Mint",Commander: Streets of New Capenna,Uncommon,,1/1/2010,$0.25,,$0.54,$0.29,116.00%,-40179 days
97045F35-FEBE37-FF3EA,Magic - Rise of the Eldrazi: Pathrazer of Ulamog - #9 - U - Near Mint Pathrazer of Ulamog,Rise of the Eldrazi,Uncommon,,1/1/2010,$0.25,,$3.50,$3.25,1300.00%,-40179 days
97045F35-FEBE37-FF3EA,"""Magic - Kamigawa: Neon Dynasty: Island (296) - JP Full Art - #296 - L
- Near Mint Foil""",Kamigawa: Neon Dynasty,Common,,1/1/2010,$0.25,,$2.53,$2.28,912.00%,-40179 days
97045F35-7D1AF4-2E811,Magic - Adventures in the Forgotten Realms: Portable Hole - #33 - U - Near Mint,Adventures in the Forgotten Realms,Uncommon,,1/1/2010,$0.25,,$0.92,$0.67,268.00%,-40179 days
97045F35-7D1AF4-2E811,Magic - Adventures in the Forgotten Realms: Portable Hole - #33 - U - Near Mint,Adventures in the Forgotten Realms,Uncommon,,1/1/2010,$0.25,,$0.92,$0.67,268.00%,-40179 days
97045F35-7D1AF4-2E811,Magic - Theros Beyond Death: Dream Trawler - #214 - R - Near Mint,Theros: Beyond Death,Rare,,1/1/2010,$0.25,,$0.23,-$0.02,-8.00%,-40179 days
97045F35-7D1AF4-2E811,Magic - Magic Origins: Fiery Impulse - #145 - C - Near Mint,Magic Origins,Common,,1/1/2010,$0.25,,$0.27,$0.02,8.00%,-40179 days
97045F35-7D1AF4-2E811,Magic - Magic Origins: Fiery Impulse - #145 - C - Near Mint,Magic Origins,Common,,1/1/2010,$0.25,,$0.27,$0.02,8.00%,-40179 days
97045F35-7D1AF4-2E811,Magic - Magic Origins: Fiery Impulse - #145 - C - Near Mint,Magic Origins,Common,,1/1/2010,$0.25,,$0.27,$0.02,8.00%,-40179 days
97045F35-7D1AF4-2E811,Magic - Magic Origins: Fiery Impulse - #145 - C - Near Mint,Magic Origins,Common,,1/1/2010,$0.25,,$0.27,$0.02,8.00%,-40179 days
97045F35-7D1AF4-2E811,Magic - Dragons of Tarkir: Rending Volley - #150 - U - Near Mint,Dragons of Tarkir,Uncommon,,1/1/2010,$0.25,,$2.19,$1.94,776.00%,-40179 days
97045F35-4E8925-4A0E2,Magic - Magic 2014 (M14): Battle Sliver - #128 - U - Near Mint,M10-23 Core Set,Uncommon,,1/1/2010,$0.25,,$0.25,$0.00,0.00%,-40179 days
97045F35-4E8925-4A0E2,Magic - Magic 2014 (M14): Blur Sliver - #129 - C - Near Mint,M10-23 Core Set,Common,,1/1/2010,$0.25,,$0.25,$0.00,0.00%,-40179 days
97045F35-4E8925-4A0E2,Magic - Future Sight: Homing Sliver - #118 - C - Near Mint,Future Sight,Common,,1/1/2010,$0.25,,$0.25,$0.00,0.00%,-40179 days
97045F35-4E8925-4A0E2,Magic - Future Sight: Mesmeric Sliver - #53 - C - Near Mint,Future Sight,Common,,1/1/2010,$0.25,,$0.25,$0.00,0.00%,-40179 days
97045F35-4E8925-4A0E2,Magic - Planar Chaos: Battering Sliver - #95 - C - Near Mint,Planar Chaos,Common,,1/1/2010,$0.25,,$0.25,$0.00,0.00%,-40179 days
97045F35-4E8925-4A0E2,Magic - Time Spiral: Gemhide Sliver - #196 - C - Near Mint,Time Spiral,Common,,1/1/2010,$0.25,,$0.40,$0.15,60.00%,-40179 days
97045F35-4E8925-4A0E2,Magic - Time Spiral: Quilled Sliver - #37 - U - Near Mint,Time Spiral,Uncommon,,1/1/2010,$0.25,,$0.32,$0.07,28.00%,-40179 days
97045F35-4E8925-4A0E2,Magic - Urza's Destiny: Wall of Glare - C - Near Mint,Urza's Destiny,Common,,1/1/2010,$0.25,,$0.25,$0.00,0.00%,-40179 days
97045F35-520D50-460B5,Magic - Strixhaven: School of Mages: Access Tunnel - #262 - U - Near Mint,Strixhaven,Uncommon,,1/1/2010,$0.25,,$0.60,$0.35,140.00%,-40179 days
97045F35-68EDD8-87DA7,"Magic - Adventures in the Forgotten Realms: Guardian of Faith - #18 - R
- Near Mint",Adventures in the Forgotten Realms,Rare,,1/1/2010,$0.25,,$1.90,$1.65,660.00%,-40179 days
97045F35-834E24-910CD,"Magic - Kamigawa: Neon Dynasty: Hinata, Dawn-Crowned - #222 - R - Near Mint",Kamigawa: Neon Dynasty,Rare,,1/1/2010,$0.25,,$0.15,-$0.10,-40.00%,-40179 days
97045F35-EB3B63-63263,Magic - Premium Deck Series: Slivers: Muscle Sliver - C - Near Mint Foil,Premium Deck Series: Slivers,Common,,1/1/2010,$0.25,,$1.24,$0.99,396.00%,-40179 days
97045F35-EB3B63-63263,Magic - Premium Deck Series: Slivers: Muscle Sliver - C - Near Mint Foil,Premium Deck Series: Slivers,Common,,1/1/2010,$0.25,,$1.24,$0.99,396.00%,-40179 days
97045F35-437E05-79C2E,Magic - Commander: Kaldheim: Lys Alana Huntmaster - #67 - C - Near Mint,Commander: Kaldheim,Common,,1/1/2010,$0.25,,$0.25,$0.00,0.00%,-40179 days
97045F35-C0D9D8-32707,Magic - Theros Beyond Death: Swamp - #252 - L - Near Mint,Theros: Beyond Death,Common,,1/1/2010,$0.25,,$1.23,$0.98,392.00%,-40179 days
97045F35-C0D9D8-32707,Magic - Theros Beyond Death: Swamp - #252 - L - Near Mint,Theros: Beyond Death,Common,,1/1/2010,$0.25,,$1.23,$0.98,392.00%,-40179 days
97045F35-C0D9D8-32707,Magic - Theros Beyond Death: Swamp - #252 - L - Near Mint,Theros: Beyond Death,Common,,1/1/2010,$0.25,,$1.23,$0.98,392.00%,-40179 days
97045F35-C0D9D8-32707,Magic - Theros Beyond Death: Swamp - #252 - L - Near Mint,Theros: Beyond Death,Common,,1/1/2010,$0.25,,$1.23,$0.98,392.00%,-40179 days
97045F35-C0D9D8-32707,Magic - Theros Beyond Death: Swamp - #252 - L - Near Mint,Theros: Beyond Death,Common,,1/1/2010,$0.25,,$1.23,$0.98,392.00%,-40179 days
97045F35-53B4EB-F9E75,Magic - Premium Deck Series: Slivers: Acidic Sliver - U - Near Mint Foil,Premium Deck Series: Slivers,Uncommon,,1/1/2010,$0.25,,$0.96,$0.71,284.00%,-40179 days
97045F35-3747E1-9DA5F,Magic - Scars of Mirrodin: Necropede - #185 - U - Near Mint,Scars of Mirrodin,Uncommon,,1/1/2010,$0.25,,$0.47,$0.22,88.00%,-40179 days
97045F35-466872-0EDDD,Magic - Scars of Mirrodin: Nim Deathmantle - R - Near Mint,Scars of Mirrodin,Rare,,1/1/2010,$0.25,,$2.85,$2.60,1040.00%,-40179 days
97045F35-FEE031-8705C,Magic - 10th Edition: Scalpelexis - #105 - R - Lightly Played,Tenth Edition,Rare,,1/1/2010,$0.25,,$0.18,-$0.07,-28.00%,-40179 days
97045F35-C2FA59-E7634,Magic - Magic 2010 (M10): Relentless Rats - #108 - U - Near Mint Relentless Rats,M10-23 Core Set,Uncommon,,1/1/2010,$0.25,,$2.15,$1.90,760.00%,-40179 days
97045F35-46D9DD-7AB07,Magic - Ikoria: Lair of Behemoths: Parcelbeast (Showcase) - #304 - U - Near Mint,Ikoria,Uncommon,,1/1/2010,$0.25,,$0.25,$0.00,0.00%,-40179 days
97045F35-DD6356-A4021,Magic - Planechase: Keep Watch - C - Near Mint,Planechase,Common,,1/1/2010,$0.25,,$1.07,$0.82,328.00%,-40179 days
97045F35-9AD9F2-796C3,Magic - Scars of Mirrodin: Necropede - #185 - U - Near Mint Foil,Scars of Mirrodin,Uncommon,,1/1/2010,$0.25,,$3.73,$3.48,1392.00%,-40179 days
97045F35-7305A0-22F8E,Magic - Battle for Zendikar: Titan's Presence - #14 - U - Near Mint,Battle for Zendikar,Uncommon,,1/1/2010,$0.25,,$0.25,$0.00,0.00%,-40179 days
97045F35-7305A0-22F8E,Magic - Dragon's Maze: Plasm Capture - #91 - R - Near Mint,Dragon's Maze,Rare,,1/1/2010,$0.25,,$0.15,-$0.10,-40.00%,-40179 days
97045F35-7305A0-22F8E,Magic - Time Spiral: Clockspinning - #53 - C - Near Mint,Time Spiral,Common,,1/1/2010,$0.25,,$0.27,$0.02,8.00%,-40179 days
97045F35-6EF8CD-76458,Magic - Fifth Dawn: Neurok Stealthsuit - #140 - C - Near Mint,Fifth Dawn,Common,,1/1/2010,$0.25,,$0.39,$0.14,56.00%,-40179 days
97045F35-178B1D-2C413,Magic - Planechase: Flamekin Harbinger - U - Near Mint,Planechase,Uncommon,,1/1/2010,$0.25,,$2.09,$1.84,736.00%,-40179 days
97045F35-178B1D-2C413,Magic - Planechase: Flamekin Harbinger - U - Near Mint,Planechase,Uncommon,,1/1/2010,$0.25,,$2.09,$1.84,736.00%,-40179 days
97045F35-98A5E9-F2BED,Magic - Magic 2012 (M12): Reassembling Skeleton - #104 - U - Lightly Played,M10-23 Core Set,Uncommon,,1/1/2010,$0.25,,$0.25,$0.00,0.00%,-40179 days
97045F35-325027-C0E41,Magic - Planechase: Cranial Plating - C - Near Mint,Planechase,Common,,1/1/2010,$0.25,,$0.53,$0.28,112.00%,-40179 days
97045F35-325027-C0E41,Magic - Planechase: Myr Enforcer - C - Near Mint,Planechase,Common,,1/1/2010,$0.25,,$0.52,$0.27,108.00%,-40179 days
97045F35-325027-C0E41,Magic - Planechase: Myr Enforcer - C - Near Mint,Planechase,Common,,1/1/2010,$0.25,,$0.52,$0.27,108.00%,-40179 days
97045F35-62BA62-5AAAB,Magic - Aether Revolt: Metallic Rebuke - #39 - C - Near Mint,Aether Revolt,Common,,1/1/2010,$0.25,,$0.25,$0.00,0.00%,-40179 days
97045F35-62BA62-5AAAB,Magic - Aether Revolt: Metallic Rebuke - #39 - C - Near Mint,Aether Revolt,Common,,1/1/2010,$0.25,,$0.25,$0.00,0.00%,-40179 days
97045F35-62BA62-5AAAB,Magic - Aether Revolt: Metallic Rebuke - #39 - C - Near Mint,Aether Revolt,Common,,1/1/2010,$0.25,,$0.25,$0.00,0.00%,-40179 days
97045F35-62BA62-5AAAB,Magic - Aether Revolt: Metallic Rebuke - #39 - C - Near Mint,Aether Revolt,Common,,1/1/2010,$0.25,,$0.25,$0.00,0.00%,-40179 days
97045F35-67956E-8EC4A,Magic - Adventures in the Forgotten Realms: Vorpal Sword - #124 - R - Near Mint,Adventures in the Forgotten Realms,Rare,,1/1/2010,$0.25,,$0.93,$0.68,272.00%,-40179 days
97045F35-8C0D9E-17189,Magic - Betrayers of Kamigawa: Empty-Shrine Kannushi - #2 - U - Lightly Played,Betrayers of Kamigawa,Uncommon,,1/1/2010,$0.25,,$0.30,$0.05,20.00%,-40179 days
97045F35-8C0D9E-17189,Magic - Betrayers of Kamigawa: Empty-Shrine Kannushi - #2 - U - Lightly Played,Betrayers of Kamigawa,Uncommon,,1/1/2010,$0.25,,$0.30,$0.05,20.00%,-40179 days
97045F35-31E386-1C64B,Magic - Kamigawa: Neon Dynasty: Mirror Box - #250 - R - Near Mint,Kamigawa: Neon Dynasty,Rare,,1/1/2010,$0.25,,$1.53,$1.28,512.00%,-40179 days
97045F35-E27930-CFF8C,Magic - Magic 2010 (M10): Captain of the Watch - #6 - R - Near Mint,M10-23 Core Set,Rare,,1/1/2010,$0.25,,$0.52,$0.27,108.00%,-40179 days
97045F35-E27930-CFF8C,Magic - Visions: Femeref Enchantress - R - Lightly Played,Visions,Rare,,1/1/2010,$5.95,,$8.89,$2.94,49.41%,-40179 days
97045F35-E6C81B-2EA06,"Magic - Commander: Streets of New Capenna: Evolution Sage - #287 - U
- Near Mint",Commander: Streets of New Capenna,Uncommon,,1/1/2010,$0.25,,$0.98,$0.73,292.00%,-40179 days
97045F35-C36A9C-3B818,Magic - Dominaria United: Twinferno - #149 - U - Near Mint,Dominaria United,Uncommon,,1/1/2010,$0.25,,$0.25,$0.00,0.00%,-40179 days
97045F35-A758CE-C97DF,Magic - Gatecrash: Boros Guildgate - #239 - C - Lightly Played,Gatecrash,Common,,1/1/2010,$0.25,,$0.09,-$0.16,-64.00%,-40179 days
97045F35-2A92A6-05204,Magic - Theros Beyond Death: Dryad of the Ilysian Grove - #169 - R - Near Mint,Theros: Beyond Death,Rare,,1/1/2010,$0.25,,$16.83,$16.58,6632.00%,-40179 days
97045F35-157C24-A1273,Magic - Commander: Streets of New Capenna: Incubation Druid - #296 - R - Near Mint,Commander: Streets of New Capenna,Rare,,1/1/2010,$0.25,,$0.45,$0.20,80.00%,-40179 days
97045F35-F526C8-5C541,Magic - Commander: Streets of New Capenna: Rishkar's Expertise - #306 - R - Near Mint,Commander: Streets of New Capenna,Rare,,1/1/2010,$0.25,,$1.50,$1.25,500.00%,-40179 days
97045F35-4C5FF5-3141D,Magic - Time Spiral: Ground Rift - #162 - C - Near Mint,Time Spiral,Common,,1/1/2010,$0.25,,$0.40,$0.15,60.00%,-40179 days
97045F35-43481D-95A5A,Magic - Modern Horizons: Graveshifter - #94 - U - Near Mint,Modern Horizons 1,Uncommon,,1/1/2010,$0.25,,$0.46,$0.21,84.00%,-40179 days
97045F35-AF2FF2-87DEF,Magic - 10th Edition: Forbidding Watchtower - #352 - U - Near Mint,Tenth Edition,Uncommon,,1/1/2010,$0.25,,$0.52,$0.27,108.00%,-40179 days
97045F35-A52D30-803A0,"Magic - Commander: Streets of New Capenna: Karn's Bastion - #410 - R
- Near Mint",Commander: Streets of New Capenna,Rare,,1/1/2010,$0.25,,$2.86,$2.61,1044.00%,-40179 days
97045F35-E653CF-B78B4,Magic - Kaldheim: Bloodline Pretender - #235 - U - Near Mint,Kaldheim,Uncommon,,1/1/2010,$0.25,,$0.81,$0.56,224.00%,-40179 days
97045F35-F1D526-C84E5,Magic - Oath of the Gatewatch: Brute Strength - #103 - C - Near Mint,Oath of the Gatewatchers,Common,,1/1/2010,$0.25,,$0.01,-$0.24,-96.00%,-40179 days
97045F35-F1D526-C84E5,Magic - Khans of Tarkir: Goblinslide - #109 - U - Near Mint,Khans of Tarkir,Uncommon,,1/1/2010,$0.25,,$0.21,-$0.04,-16.00%,-40179 days
97045F35-6AE242-AD6DE,Magic - Zendikar: Expedition Map - #201 - C - Near Mint,Zendikar,Common,,1/1/2010,$0.25,,$2.98,$2.73,1092.00%,-40179 days
97045F35-6AE242-AD6DE,Magic - Shadowmoor: Rite of Consumption - C - Near Mint,Shadowmoore,Common,,1/1/2010,$0.25,,$0.66,$0.41,164.00%,-40179 days
97045F35-6AE242-AD6DE,Magic - Shadowmoor: Rite of Consumption - C - Near Mint,Shadowmoore,Common,,1/1/2010,$0.25,,$0.66,$0.41,164.00%,-40179 days
97045F35-6AE242-AD6DE,Magic - Shadowmoor: Rite of Consumption - C - Near Mint,Shadowmoore,Common,,1/1/2010,$0.25,,$0.66,$0.41,164.00%,-40179 days
97045F35-6AE242-AD6DE,Magic - Shadowmoor: Rite of Consumption - C - Near Mint,Shadowmoore,Common,,1/1/2010,$0.25,,$0.66,$0.41,164.00%,-40179 days
97045F35-C5028F-89677,Magic - Born of the Gods: Gorgon's Head - #158 - U - Near Mint,Born of the Gods,Uncommon,,1/1/2010,$0.25,,$0.65,$0.40,160.00%,-40179 days
97045F35-2D7CCC-6F7C6,Magic - Planechase: Fires of Yavimaya - U - Near Mint,Planechase,Uncommon,,1/1/2010,$0.25,,$0.70,$0.45,180.00%,-40179 days
97045F35-E2DB73-52CCC,Magic - Commander Legends: Prava of the Steel Legion - #38 - U - Near Mint,Commander Legends,Uncommon,,1/1/2010,$0.25,,$0.19,-$0.06,-24.00%,-40179 days
97045F35-6A73DD-F6B8F,Magic - Dominaria United: Tolarian Terror - #72 - C - Near Mint,Dominaria United,Common,,1/1/2010,$0.25,,$0.53,$0.28,112.00%,-40179 days
97045F35-6A73DD-F6B8F,Magic - Kamigawa: Neon Dynasty: Fang of Shigeki - #183 - C - Near Mint,Kamigawa: Neon Dynasty,Common,,1/1/2010,$0.25,,$0.25,$0.00,0.00%,-40179 days
97045F35-6A73DD-F6B8F,"Magic - Kamigawa: Neon Dynasty: Tatsunari, Toad Rider - #123 - R - Near Mint",Kamigawa: Neon Dynasty,Rare,,1/1/2010,$0.25,,$0.13,-$0.12,-48.00%,-40179 days
97045F35-6A73DD-F6B8F,Magic - Innistrad: Midnight Hunt: Ambitious Farmhand - #2 - U - Near Mint,Midnight Hunt,Uncommon,,1/1/2010,$0.25,,$0.19,-$0.06,-24.00%,-40179 days
97045F35-6A73DD-F6B8F,Magic - Adventures in the Forgotten Realms: Asmodeus the Archfiend - #88 - R - Near Mint,Adventures in the Forgotten Realms,Rare,,1/1/2010,$0.25,,$0.20,-$0.05,-20.00%,-40179 days
97045F35-6A73DD-F6B8F,Magic - Adventures in the Forgotten Realms: Dragon Turtle - #56 - R - Near Mint,Adventures in the Forgotten Realms,Rare,,1/1/2010,$0.25,,$0.24,-$0.01,-4.00%,-40179 days
97045F35-6A73DD-F6B8F,Magic - Kaldheim: Demonic Gifts - #84 - C - Near Mint,Kaldheim,Common,,1/1/2010,$0.25,,$0.25,$0.00,0.00%,-40179 days
97045F35-6A73DD-F6B8F,Magic - Kaldheim: Elderfang Disciple - #93 - C - Near Mint,Kaldheim,Common,,1/1/2010,$0.25,,$0.25,$0.00,0.00%,-40179 days
97045F35-6A73DD-F6B8F,Magic - Kaldheim: Littjara Mirrorlake - #264 - U - Near Mint,Kaldheim,Uncommon,,1/1/2010,$0.25,,$0.25,$0.00,0.00%,-40179 days
97045F35-6A73DD-F6B8F,Magic - Theros Beyond Death: Altar of the Pantheon - #231 - C - Near Mint,Theros: Beyond Death,Common,,1/1/2010,$0.25,,$0.25,$0.00,0.00%,-40179 days
97045F35-6A73DD-F6B8F,Magic - Theros Beyond Death: Gravebreaker Lamia - #98 - R - Near Mint,Theros: Beyond Death,Rare,,1/1/2010,$0.25,,$0.51,$0.26,104.00%,-40179 days
97045F35-6A73DD-F6B8F,"Magic - Theros Beyond Death: Kunoros, Hound of Athreos - #222 - R - Near Mint",Theros: Beyond Death,Rare,,1/1/2010,$0.25,,$0.33,$0.08,32.00%,-40179 days
97045F35-6A73DD-F6B8F,"Magic - Theros Beyond Death: Polukranos, Unchained - #224 - M - Near Mint",Theros: Beyond Death,Mythic Rare,,1/1/2010,$0.25,,$0.77,$0.52,208.00%,-40179 days
97045F35-6A73DD-F6B8F,"Magic - Theros Beyond Death: Thryx, the Sudden Storm - #76 - R - Near Mint",Theros: Beyond Death,Rare,,1/1/2010,$0.25,,$0.57,$0.32,128.00%,-40179 days
97045F35-6A73DD-F6B8F,"Magic - Throne of Eldraine: Syr Carah, the Bold - #145 - U - Near Mint",Throne of Eldrain,Uncommon,,1/1/2010,$0.25,,$0.14,-$0.11,-44.00%,-40179 days
97045F35-6A73DD-F6B8F,Magic - War of the Spark: Pollenbright Druid - #173 - C - Near Mint,War of the Spark,Common,,1/1/2010,$0.25,,$0.19,-$0.06,-24.00%,-40179 days
97045F35-6A73DD-F6B8F,Magic - Amonkhet: Blazing Volley - #119 - C - Near Mint,Amonkhet,Common,,1/1/2010,$0.25,,$0.25,$0.00,0.00%,-40179 days
97045F35-6A73DD-F6B8F,Magic - Kaladesh: Wily Bandar - #175 - C - Near Mint,Kaladesh,Common,,1/1/2010,$0.25,,$0.25,$0.00,0.00%,-40179 days
97045F35-6A73DD-F6B8F,Magic - Modern Horizons 2: Late to Dinner - #19 - C - Near Mint,Modern Horizons 2,Common,,1/1/2010,$0.25,,$0.25,$0.00,0.00%,-40179 days
97045F35-6A73DD-F6B8F,Magic - Modern Horizons 2: Wren's Run Hydra - #183 - U - Near Mint,Modern Horizons 2,Uncommon,,1/1/2010,$0.25,,$0.25,$0.00,0.00%,-40179 days
97045F35-218043-7CFAE,Magic - Jumpstart: Witch of the Moors - #18 - R - Near Mint,JumpStart,Uncommon,,1/1/2010,$0.01,,$3.15,$3.14,31400.00%,-40179 days
97045F35-DC2874-73415,Magic - Commander: Zendikar Rising: Embodiment of Insight - #64 - U - Near Mint,Commander: Zendikar Rising,Common,,1/1/2010,$0.25,,$0.11,-$0.14,-56.00%,-40179 days
97045F35-9416D1-85180,Magic - Dark Ascension: Gravepurge - #65 - C - Lightly Played,Dark Ascension,Uncommon,,1/1/2010,$0.25,,$0.14,-$0.11,-44.00%,-40179 days
97045F35-14170E-469CD,Magic - Shadows over Innistrad: Essence Flux - #61 - U - Near Mint,Shadows Over Innistrad,Uncommon,,1/1/2010,$0.25,,$1.89,$1.64,656.00%,-40179 days
97045F35-14170E-469CD,Magic - Scars of Mirrodin: Thrummingbird - #47 - U - Near Mint,Scars of Mirrodin,Common,,1/1/2010,$0.25,,$0.25,$0.00,0.00%,-40179 days
97045F35-F47F8C-96EDD,Magic - Adventures in the Forgotten Realms: Veteran Dungeoneer - #40 - C - Near Mint,Adventures in the Forgotten Realms,Common,,1/1/2010,$0.25,,$0.25,$0.00,0.00%,-40179 days
97045F35-F47F8C-96EDD,Magic - New Phyrexia: Act of Aggression - U - Near Mint,New Phyrexia,Uncommon,,1/1/2010,$0.25,,$0.20,-$0.05,-20.00%,-40179 days
97045F35-F47F8C-96EDD,Magic - New Phyrexia: Artillerize - C - Near Mint,New Phyrexia,Common,,1/1/2010,$0.25,,$0.11,-$0.14,-56.00%,-40179 days
97045F35-F47F8C-96EDD,Magic - New Phyrexia: Death-Hood Cobra - C - Near Mint,New Phyrexia,Common,,1/1/2010,$0.25,,$0.06,-$0.19,-76.00%,-40179 days
97045F35-F47F8C-96EDD,Magic - New Phyrexia: Due Respect - U - Near Mint,New Phyrexia,Uncommon,,1/1/2010,$0.25,,$0.12,-$0.13,-52.00%,-40179 days
97045F35-F47F8C-96EDD,Magic - New Phyrexia: Grim Affliction - C - Near Mint,New Phyrexia,Common,,1/1/2010,$0.25,,$0.26,$0.01,4.00%,-40179 days
97045F35-F47F8C-96EDD,Magic - New Phyrexia: Insatiable Souleater - C - Near Mint,New Phyrexia,Common,,1/1/2010,$0.25,,$0.07,-$0.18,-72.00%,-40179 days
97045F35-F47F8C-96EDD,Magic - New Phyrexia: Marrow Shards - #15 - U - Near Mint,New Phyrexia,Uncommon,,1/1/2010,$0.25,,$0.16,-$0.09,-36.00%,-40179 days
97045F35-F47F8C-96EDD,Magic - New Phyrexia: Mycosynth Wellspring - C - Near Mint,New Phyrexia,Common,,1/1/2010,$0.25,,$0.11,-$0.14,-56.00%,-40179 days
97045F35-F47F8C-96EDD,Magic - New Phyrexia: Numbing Dose - C - Near Mint,New Phyrexia,Common,,1/1/2010,$0.25,,$0.10,-$0.15,-60.00%,-40179 days
97045F35-F47F8C-96EDD,Magic - New Phyrexia: Parasitic Implant - C - Near Mint,New Phyrexia,Common,,1/1/2010,$0.25,,$0.08,-$0.17,-68.00%,-40179 days
97045F35-F47F8C-96EDD,Magic - New Phyrexia: Pestilent Souleater - C - Near Mint,New Phyrexia,Common,,1/1/2010,$0.25,,$0.08,-$0.17,-68.00%,-40179 days
97045F35-F47F8C-96EDD,Magic - New Phyrexia: Remember the Fallen - C - Near Mint,New Phyrexia,Common,,1/1/2010,$0.25,,$0.09,-$0.16,-64.00%,-40179 days
97045F35-F47F8C-96EDD,Magic - New Phyrexia: Rotted Hystrix - C - Near Mint,New Phyrexia,Common,,1/1/2010,$0.25,,$0.04,-$0.21,-84.00%,-40179 days
97045F35-F47F8C-96EDD,Magic - New Phyrexia: Spire Monitor - C - Near Mint,New Phyrexia,Common,,1/1/2010,$0.25,,$0.05,-$0.20,-80.00%,-40179 days
97045F35-F47F8C-96EDD,Magic - New Phyrexia: Vital Splicer - U - Near Mint,New Phyrexia,Uncommon,,1/1/2010,$0.25,,$0.15,-$0.10,-40.00%,-40179 days
97045F35-F47F8C-96EDD,Magic - New Phyrexia: Chained Throatseeker - C - Near Mint,New Phyrexia,Common,,1/1/2010,$0.25,,$0.11,-$0.14,-56.00%,-40179 days
97045F35-F47F8C-96EDD,Magic - New Phyrexia: Defensive Stance - C - Near Mint,New Phyrexia,Common,,1/1/2010,$0.25,,$0.03,-$0.22,-88.00%,-40179 days
97045F35-F47F8C-96EDD,Magic - New Phyrexia: Phyrexian Hulk - C - Near Mint,New Phyrexia,Common,,1/1/2010,$0.25,,$0.05,-$0.20,-80.00%,-40179 days
97045F35-F47F8C-96EDD,Magic - New Phyrexia: Scrapyard Salvo - C - Near Mint,New Phyrexia,Common,,1/1/2010,$0.25,,$0.06,-$0.19,-76.00%,-40179 days
97045F35-F47F8C-96EDD,Magic - New Phyrexia: Shriek Raptor - C - Near Mint,New Phyrexia,Common,,1/1/2010,$0.25,,$0.11,-$0.14,-56.00%,-40179 days
97045F35-F47F8C-96EDD,Magic - New Phyrexia: Spined Thopter - C - Near Mint,New Phyrexia,Common,,1/1/2010,$0.25,,$0.07,-$0.18,-72.00%,-40179 days
97045F35-F47F8C-96EDD,Magic - New Phyrexia: Toxic Nim - C - Near Mint,New Phyrexia,Common,,1/1/2010,$0.25,,$0.17,-$0.08,-32.00%,-40179 days
97045F35-F47F8C-96EDD,Magic - New Phyrexia: Victorious Destruction - C - Near Mint,New Phyrexia,Common,,1/1/2010,$0.25,,$0.07,-$0.18,-72.00%,-40179 days
97045F35-F47F8C-96EDD,Magic - New Phyrexia: Viridian Harvest - C - Near Mint,New Phyrexia,Common,,1/1/2010,$0.25,,$0.06,-$0.19,-76.00%,-40179 days
97045F35-F47F8C-96EDD,Magic - New Phyrexia: Volt Charge - C - Near Mint,New Phyrexia,Common,,1/1/2010,$0.25,,$0.11,-$0.14,-56.00%,-40179 days
97045F35-F47F8C-96EDD,Magic - New Phyrexia: Chained Throatseeker - C - Near Mint,New Phyrexia,Common,,1/1/2010,$0.25,,$0.03,-$0.22,-88.00%,-40179 days
97045F35-F47F8C-96EDD,Magic - New Phyrexia: Defensive Stance - C - Near Mint,New Phyrexia,Common,,1/1/2010,$0.25,,$0.05,-$0.20,-80.00%,-40179 days
97045F35-F47F8C-96EDD,Magic - New Phyrexia: Phyrexian Hulk - C - Near Mint,New Phyrexia,Common,,1/1/2010,$0.25,,$0.06,-$0.19,-76.00%,-40179 days
97045F35-F47F8C-96EDD,Magic - New Phyrexia: Scrapyard Salvo - C - Near Mint,New Phyrexia,Common,,1/1/2010,$0.25,,$0.11,-$0.14,-56.00%,-40179 days
97045F35-F47F8C-96EDD,Magic - New Phyrexia: Shriek Raptor - C - Near Mint,New Phyrexia,Common,,1/1/2010,$0.25,,$0.07,-$0.18,-72.00%,-40179 days
97045F35-F47F8C-96EDD,Magic - New Phyrexia: Spined Thopter - C - Near Mint,New Phyrexia,Common,,1/1/2010,$0.25,,$0.17,-$0.08,-32.00%,-40179 days
97045F35-F47F8C-96EDD,Magic - New Phyrexia: Toxic Nim - C - Near Mint,New Phyrexia,Common,,1/1/2010,$0.25,,$0.07,-$0.18,-72.00%,-40179 days
97045F35-F47F8C-96EDD,Magic - New Phyrexia: Victorious Destruction - C - Near Mint,New Phyrexia,Common,,1/1/2010,$0.25,,$0.06,-$0.19,-76.00%,-40179 days
97045F35-F47F8C-96EDD,Magic - New Phyrexia: Viridian Harvest - C - Near Mint,New Phyrexia,Common,,1/1/2010,$0.25,,$0.15,-$0.10,-40.00%,-40179 days
97045F35-F47F8C-96EDD,Magic - New Phyrexia: Volt Charge - C - Near Mint,New Phyrexia,Common,,1/1/2010,$0.25,,$0.16,-$0.09,-36.00%,-40179 days
97045F35-68245C-4F676,Magic - Timeshifted: Thallid - #86 - S - Near Mint,Time Spiral,Common,,1/1/2010,$0.25,,$0.25,$0.00,0.00%,-40179 days
97045F35-8A8940-28FEB,Magic - Ravnica Allegiance: Open the Gates - #133 - C - Near Mint,Ravnica Allegiance,Common,,1/1/2010,$0.25,,$0.22,-$0.03,-12.00%,-40179 days
97045F35-8A8940-28FEB,Magic - Commander: Zendikar Rising: Terramorphic Expanse - #142 - C - Near Mint,Commander: Zendikar Rising,Common,,1/1/2010,$0.25,,$0.19,-$0.06,-24.00%,-40179 days
97045F35-5FCBA6-4E38A,Magic - Commander 2020: Deathsprout - #208 - U - Near Mint,Commander: 2021,Uncommon,,1/1/2010,$0.25,,$0.31,$0.06,24.00%,-40179 days
97045F35-DC4EC8-4106C,Magic - Avacyn Restored: Angelic Wall - #4 - C - Near Mint,Avacyn Restored,Common,,1/1/2010,$0.25,,$0.09,-$0.16,-64.00%,-40179 days
97045F35-CEB7F9-AF90A,Magic - Dark Ascension: Undying Evil - #77 - C - Lightly Played,Dark Ascension,Common,,1/1/2010,$0.25,,$0.55,$0.30,120.00%,-40179 days
97045F35-6EE6B1-CC582,Magic - Archenemy: Dragonspeaker Shaman - U - Near Mint,Archenemy,Uncommon,,1/1/2010,$0.25,,$2.62,$2.37,948.00%,-40179 days
97045F35-27E3E0-0AC4A,Magic - Mirrodin Besieged: White Sun's Zenith - R - Near Mint,Mirrodin Besieged,Rare,,1/1/2010,$0.25,,$0.25,$0.00,0.00%,-40179 days
97045F35-041D26-0CCEB,Magic - Duel Decks: Blessed vs. Cursed: Seraph Sanctuary - #33 - C - Near Mint,Duel Decks: Blessed vs. Cursed,Common,,1/1/2010,$0.25,,$0.59,$0.34,136.00%,-40179 days
97045F35-32722D-31C8E,Magic - Conflux: Path to Exile - U - Near Mint Path to Exile,Conflux,Uncommon,,1/1/2010,$0.25,,$2.74,$2.49,996.00%,-40179 days
97045F35-D52585-FA53D,Magic - Eternal Masters: Fog - #167 - C - Near Mint,Eternal Masters,Common,,1/1/2010,$0.25,,$0.28,$0.03,12.00%,-40179 days
97045F35-FB2079-0EE8A,Magic - Lorwyn: Lignify - #228 - C - Near Mint,Lorwyn,Common,,1/1/2010,$0.25,,$1.57,$1.32,528.00%,-40179 days
97045F35-6A53BA-4996F,Magic - Adventures in the Forgotten Realms: Druid Class - #180 - U - Near Mint,Adventures in the Forgotten Realms,Uncommon,,1/1/2010,$0.25,,$0.78,$0.53,212.00%,-40179 days
97045F35-F8A5FB-6E7F4,Magic - Hour of Devastation: Survivors' Encampment - #184 - C - Near Mint,Hour of Devastation,Common,,1/1/2010,$0.25,,$0.30,$0.05,20.00%,-40179 days
97045F35-F8A5FB-6E7F4,Magic - Modern Horizons 2: Ornithopter of Paradise - #232 - C - Near Mint,Modern Horizons 2,Common,,1/1/2010,$0.25,,$0.37,$0.12,48.00%,-40179 days
97045F35-F8A5FB-6E7F4,Magic - 10th Edition: Mogg Fanatic - #219 - U - Damaged,Tenth Edition,Uncommon,,1/1/2010,$0.25,,$0.05,-$0.20,-80.00%,-40179 days
97045F35-CD7296-4BD3D,Magic - Timeshifted: Thallid - #86 - S - Near Mint,Time Spiral,Common,,1/1/2010,$0.25,,$0.25,$0.00,0.00%,-40179 days
97045F35-FD3EC7-A85FC,Magic - Khans of Tarkir: Tomb of the Spirit Dragon - #245 - U - Near Mint,Khans of Tarkir,Uncommon,,1/1/2010,$0.25,,$0.41,$0.16,64.00%,-40179 days
97045F35-FD3EC7-A85FC,Magic - Planechase: Hull Breach - C - Near Mint,Planechase,Common,,1/1/2010,$0.25,,$0.27,$0.02,8.00%,-40179 days
97045F35-FD3EC7-A85FC,Magic - Modern Horizons 2: Mine Collapse - #135 - C - Near Mint,Modern Horizons 2,Common,,1/1/2010,$0.25,,$0.25,$0.00,0.00%,-40179 days
97045F35-4DA8EB-E0357,Magic - Premium Deck Series: Slivers: Virulent Sliver - C - Near Mint Foil,Premium Deck Series: Slivers,Common,,1/1/2010,$0.25,,$0.91,$0.66,264.00%,-40179 days
97045F35-D7E494-55AA6,Magic - Innistrad: Midnight Hunt: Cathar Commando - #10 - C - Near Mint,Midnight Hunt,Common,,1/1/2010,$0.25,,$0.26,$0.01,4.00%,-40179 days
97045F35-CCF24F-B12D6,Magic - Archenemy: Artisan of Kozilek - U - Near Mint,Archenemy,Uncommon,,1/1/2010,$0.25,,$0.52,$0.27,108.00%,-40179 days
97045F35-875445-6318B,Magic - Avacyn Restored: Seraph Sanctuary - #228 - C - Near Mint,Avacyn Restored,Common,,1/1/2010,$0.25,,$0.60,$0.35,140.00%,-40179 days
97045F35-0F878F-563A7,Magic - Mirrodin Besieged: Viridian Corrupter - #94 - U - Near Mint,Mirrodin Besieged,Uncommon,,1/1/2010,$0.25,,$0.27,$0.02,8.00%,-40179 days
97045F35-0E7FC5-16F91,Magic - Planechase: Iron Myr - C - Near Mint,Planechase,Common,,1/1/2010,$0.25,,$1.21,$0.96,384.00%,-40179 days
97045F35-A5B5EC-AD9AD,Magic - Archenemy: Seething Song - C - Lightly Played,Archenemy,Common,,1/1/2010,$0.25,,$0.99,$0.74,296.00%,-40179 days
97045F35-2590E5-D1283,Magic - Gatecrash: Alpha Authority - #114 - U - Lightly Played,Gatecrash,Uncommon,,1/1/2010,$0.25,,$1.22,$0.97,388.00%,-40179 days
97045F35-6CBD89-DA417,Magic - Planechase: Skeleton Shard - U - Near Mint,Planechase,Uncommon,,1/1/2010,$0.25,,$0.27,$0.02,8.00%,-40179 days
97045F35-ABB836-D728D,Magic - Avacyn Restored: Seraph Sanctuary - #228 - C - Near Mint,Avacyn Restored,Common,,1/1/2010,$0.25,,$0.60,$0.35,140.00%,-40179 days
97045F35-FFDA92-658B7,Magic - Tempest: Flickering Ward - #231 - U - Near Mint,Tempest,Uncommon,,1/1/2010,$0.25,,$5.23,$4.98,1992.00%,-40179 days
97045F35-454B60-2DC74,Magic - Time Spiral: Remastered: Haze of Rage - #169 - U - Near Mint,Time Spiral Remastered,Uncommon,,1/1/2010,$0.25,,$0.39,$0.14,56.00%,-40179 days
97045F35-A0AB7B-EEDCA,Magic - Adventures in the Forgotten Realms: Paladin Class - #29 - R - Near Mint,Adventures in the Forgotten Realms,Rare,,1/1/2010,$0.25,,$0.38,$0.13,52.00%,-40179 days
97045F35-A0AB7B-EEDCA,Magic - Throne of Eldraine: Crashing Drawbridge - #217 - C - Near Mint,Throne of Eldrain,Common,,1/1/2010,$0.25,,$0.35,$0.10,40.00%,-40179 days
97045F35-8F36F1-334C6,Magic - Zendikar: Hellkite Charger - #131 - R - Near Mint Foil,Zendikar,Rare,,1/1/2010,$0.25,,$5.00,$4.75,1900.00%,-40179 days
97045F35-FC44AE-9DF7E,Magic - Planechase: Sarcomite Myr - C - Near Mint,Planechase,Common,,1/1/2010,$0.25,,$0.25,$0.00,0.00%,-40179 days
97045F35-58E60E-88252,Magic - Theros Beyond Death: Nadir Kraken - #55 - R - Near Mint,Theros: Beyond Death,Rare,,1/1/2010,$0.25,,$0.47,$0.22,88.00%,-40179 days
97045F35-8232A7-248F6,Magic - Magic 2010 (M10): Consume Spirit - U - Near Mint Foil,M10-23 Core Set,Uncommon,,1/1/2010,$0.25,,$0.56,$0.31,124.00%,-40179 days
97045F35-34B621-667AE,Magic - Tempest: Flickering Ward - #231 - U - Near Mint,Tempest,Uncommon,,1/1/2010,$0.25,,$5.23,$4.98,1992.00%,-40179 days
97045F35-67BA0C-70879,Magic - Aether Revolt: Mobile Garrison - #165 - C - Near Mint,Aether Revolt,Common,,1/1/2010,$0.25,,$0.25,$0.00,0.00%,-40179 days
97045F35-360834-02E8D,Magic - Scars of Mirrodin: Contagion Clasp - U - Near Mint,Scars of Mirrodin,Uncommon,,1/1/2010,$0.25,,$0.58,$0.33,132.00%,-40179 days
97045F35-360834-02E8D,Magic - Modern Horizons 2: Herd Baloth - #165 - U - Near Mint,Modern Horizons 2,Uncommon,,1/1/2010,$0.25,,$0.25,$0.00,0.00%,-40179 days
97045F35-051B95-BBC5B,Magic - Zendikar Rising: Marauding Blight-Priest - #112 - C - Near Mint,Commander: Zendikar Rising,Common,,1/1/2010,$0.25,,$0.25,$0.00,0.00%,-40179 days
97045F35-051B95-BBC5B,Magic - Zendikar Rising: Marauding Blight-Priest - #112 - C - Near Mint,Commander: Zendikar Rising,Common,,1/1/2010,$0.25,,$0.25,$0.00,0.00%,-40179 days
97045F35-051B95-BBC5B,Magic - Zendikar Rising: Marauding Blight-Priest - #112 - C - Near Mint,Commander: Zendikar Rising,Common,,1/1/2010,$0.25,,$0.25,$0.00,0.00%,-40179 days
97045F35-051B95-BBC5B,Magic - Zendikar Rising: Marauding Blight-Priest - #112 - C - Near Mint,Commander: Zendikar Rising,Common,,1/1/2010,$0.25,,$0.25,$0.00,0.00%,-40179 days
97045F35-97F947-C5DED,Magic - Zendikar Rising: Marauding Blight-Priest - #112 - C - Near Mint,Commander: Zendikar Rising,Common,,1/1/2010,$0.25,,$0.25,$0.00,0.00%,-40179 days
97045F35-97F947-C5DED,Magic - Iconic Masters: Vizkopa Guildmage - #211 - U - Near Mint,Iconic Masters,Uncommon,,1/1/2010,$0.25,,$0.26,$0.01,4.00%,-40179 days
97045F35-DDB3A2-EE2C4,Magic - Zendikar: Feast of Blood - #88 - U - Near Mint,Zendikar,Uncommon,,1/1/2010,$0.25,,$0.25,$0.00,0.00%,-40179 days
97045F35-DDB3A2-EE2C4,Magic - Zendikar: Feast of Blood - #88 - U - Near Mint,Zendikar,Uncommon,,1/1/2010,$0.25,,$0.25,$0.00,0.00%,-40179 days
97045F35-DDB3A2-EE2C4,Magic - Zendikar: Feast of Blood - #88 - U - Near Mint,Zendikar,Uncommon,,1/1/2010,$0.25,,$0.25,$0.00,0.00%,-40179 days
97045F35-A8BCC4-C35D7,Magic - Planechase: Skeleton Shard - U - Near Mint,Planar Chaos,Uncommon,,1/1/2010,$0.25,,$0.27,$0.02,8.00%,-40179 days
97045F35-C3A1EF-4867A,Magic - Magic 2014 (M14): Sliver Construct - #218 - C - Near Mint,M10-23 Core Set,Common,,1/1/2010,$0.25,,$0.25,$0.00,0.00%,-40179 days
97045F35-C3A1EF-4867A,Magic - Premium Deck Series: Slivers: Heart Sliver - C - Near Mint Foil,Premium Deck Series: Slivers,Common,,1/1/2010,$0.25,,$4.48,$4.23,1692.00%,-40179 days
97045F35-C3A1EF-4867A,Magic - Premium Deck Series: Slivers: Spined Sliver - U - Near Mint Foil,Premium Deck Series: Slivers,Uncommon,,1/1/2010,$0.25,,$0.53,$0.28,112.00%,-40179 days
97045F35-F692F0-416E8,Magic - Kaldheim: Ravenform - #72 - C - Near Mint,Kaldheim,Common,,1/1/2010,$0.25,,$0.25,$0.00,0.00%,-40179 days
97045F35-F692F0-416E8,Magic - Core Set 2021: Jungle Hollow - #247 - L - Near Mint,M10-23 Core Set,Common,,1/1/2010,$0.25,,$0.07,-$0.18,-72.00%,-40179 days
97045F35-F692F0-416E8,Magic - Conspiracy: Wrap in Vigor - #183 - C - Near Mint,Conspiracy: Take the Crown,Common,,1/1/2010,$0.25,,$0.95,$0.70,280.00%,-40179 days
97045F35-FCD7BC-A2545,Magic - Battle for Zendikar: Dispel - #76 - C - Near Mint,Battle for Zendikar,Common,,1/1/2010,$0.25,,$0.25,$0.00,0.00%,-40179 days
97045F35-FCD7BC-A2545,Magic - Battle for Zendikar: Dispel - #76 - C - Near Mint,Battle for Zendikar,Common,,1/1/2010,$0.25,,$0.25,$0.00,0.00%,-40179 days
97045F35-FCD7BC-A2545,Magic - Battle for Zendikar: Dispel - #76 - C - Near Mint,Battle for Zendikar,Common,,1/1/2010,$0.25,,$0.25,$0.00,0.00%,-40179 days
97045F35-FCD7BC-A2545,Magic - Scars of Mirrodin: Contagion Clasp - U - Near Mint,Scars of Mirrodin,Uncommon,,1/1/2010,$0.25,,$0.58,$0.33,132.00%,-40179 days
97045F35-FCD7BC-A2545,Magic - Scars of Mirrodin: Plague Stinger - #75 - C - Near Mint,Scars of Mirrodin,Common,,1/1/2010,$0.25,,$0.32,$0.07,28.00%,-40179 days
97045F35-FCD7BC-A2545,Magic - Fifth Dawn: Mana Geyser - C - Near Mint,Fifth Dawn,Common,,1/1/2010,$0.25,,$1.90,$1.65,660.00%,-40179 days
97045F35-FCD7BC-A2545,Magic - Modern Horizons 2: Herd Baloth - #165 - U - Near Mint,Modern Horizons 2,Uncommon,,1/1/2010,$0.25,,$0.25,$0.00,0.00%,-40179 days
97045F35-0A3B21-B2CCA,Magic - Modern Horizons: Hollowhead Sliver - #132 - U - Near Mint,Modern Horizons 1,Uncommon,,1/1/2010,$0.25,,$0.25,$0.00,0.00%,-40179 days
97045F35-0A3B21-B2CCA,Magic - Premium Deck Series: Slivers: Clot Sliver - C - Near Mint Foil,Premium Deck Series: Slivers,Common,,1/1/2010,$0.25,,$1.25,$1.00,400.00%,-40179 days
97045F35-0A3B21-B2CCA,Magic - Premium Deck Series: Slivers: Gemhide Sliver - C - Near Mint Foil,Premium Deck Series: Slivers,Common,,1/1/2010,$0.25,,$1.13,$0.88,352.00%,-40179 days
97045F35-94D2B7-D498C,Magic - Archenemy: Seething Song - C - Lightly Played,Archenemy,Common,,1/1/2010,$0.25,,$0.99,$0.74,296.00%,-40179 days
97045F35-E8D75E-5D096,Magic - Archenemy: Makeshift Mannequin - U - Near Mint,Archenemy,Uncommon,,1/1/2010,$0.25,,$0.27,$0.02,8.00%,-40179 days
97045F35-09FFE5-FA2CD,Magic - Media Promos: Retaliator Griffin - #A4 - P - Near Mint Foil,Media Promos,Common,,1/1/2010,$0.25,,$0.36,$0.11,44.00%,-40179 days
97045F35-D7DE8C-866DA,Magic - Planechase: Copper Myr - C - Near Mint,Planechase,Common,,1/1/2010,$0.25,,$2.34,$2.09,836.00%,-40179 days
97045F35-07F87D-98B36,Magic - Timeshifted: Thallid - #86 - S - Near Mint,Time Spiral,Common,,1/1/2010,$0.25,,$0.25,$0.00,0.00%,-40179 days
97045F35-D14CE8-09480,Magic - Planechase: Nuisance Engine - U - Near Mint,Planechase,Uncommon,,1/1/2010,$0.25,,$0.25,$0.00,0.00%,-40179 days
97045F35-29C597-E209D,Magic - Modern Horizons 2: Scurry Oak - #172 - U - Near Mint,Modern Horizons 2,Uncommon,,1/1/2010,$0.25,,$0.25,$0.00,0.00%,-40179 days
97045F35-29C597-E209D,Magic - Modern Horizons 2: Scurry Oak - #172 - U - Near Mint,Modern Horizons 2,Uncommon,,1/1/2010,$0.25,,$0.25,$0.00,0.00%,-40179 days
97045F35-29C597-E209D,Magic - Modern Horizons 2: Scurry Oak - #172 - U - Near Mint,Modern Horizons 2,Uncommon,,1/1/2010,$0.25,,$0.25,$0.00,0.00%,-40179 days
97045F35-156625-9AE02,Magic - Innistrad: Midnight Hunt: Otherworldly Gaze - #67 - C - Near Mint,Midnight Hunt,Common,,1/1/2010,$0.25,,$0.30,$0.05,20.00%,-40179 days
97045F35-DD813D-82C11,Magic - Duel Decks: Divine vs. Demonic: Angelic Benediction - U - Near Mint,Duel Decks:Divine vs. Demonic,Uncommon,,1/1/2010,$0.25,,$0.27,$0.02,8.00%,-40179 days
97045F35-090827-32F3E,Magic - Modern Masters 2015: Alloy Myr - #201 - C - Near Mint,Modern Masters 2,Common,,1/1/2010,$0.25,,$0.25,$0.00,0.00%,-40179 days
97045F35-8CEAE9-61FB8,Magic - Time Spiral: Aspect of Mongoose - #191 - U - Near Mint,Time Spiral,Uncommon,,1/1/2010,$0.25,,$1.84,$1.59,636.00%,-40179 days
97045F35-BAC957-59421,Magic - New Phyrexia: Vapor Snag - C - Near Mint,New Phyrexia,Common,,1/1/2010,$0.25,,$0.26,$0.01,4.00%,-40179 days
97045F35-190465-CF952,Magic - Scars of Mirrodin: Throne of Geth - U - Near Mint,Scars of Mirrodin,Uncommon,,1/1/2010,$0.25,,$0.25,$0.00,0.00%,-40179 days
97045F35-BA86AF-DE4B8,Magic - Dissension: Protean Hulk - #90 - R - Near Mint,Dissension,Rare,,1/1/2010,$0.25,,$6.29,$6.04,2416.00%,-40179 days
97045F35-DAD77B-6E3F9,Magic - Eventide: Spitemare - U - Near Mint,Eventide,Uncommon,,1/1/2010,$0.25,,$0.30,$0.05,20.00%,-40179 days
97045F35-F9F90F-82C10,Magic - 10th Edition: Lord of the Undead - #155 - R - Near Mint Lord of the Undead,Tenth Edition,Rare,,1/1/2010,$0.25,,$23.00,$22.75,9100.00%,-40179 days
97045F35-B6FAEE-6C6E7,Magic - Planechase: Lodestone Myr - R - Near Mint,Planechase,Rare,,1/1/2010,$0.25,,$0.35,$0.10,40.00%,-40179 days
97045F35-415B9E-A711C,Magic - Magic 2010 (M10): Sign in Blood - #112 - C - Near Mint,M10-23 Core Set,Common,,1/1/2010,$0.25,,$0.30,$0.05,20.00%,-40179 days
97045F35-537CE1-A30CF,"Magic - Streets of New Capenna: Raffine's Tower (Showcase) - #353 - R
- Near Mint",Streets of New Capenna,Rare,,1/1/2010,$0.25,,$8.94,$8.69,3476.00%,-40179 days
97045F35-FAC73C-F7962,Magic - Archenemy: Avatar of Woe - R - Lightly Played,Archenemy,Rare,,1/1/2010,$0.25,,$2.45,$2.20,880.00%,-40179 days
97045F35-280C79-D9C87,Magic - Worldwake: Scrib Nibblers - #66 - U - Near Mint,WorldWake,Uncommon,,1/1/2010,$0.25,,$0.25,$0.00,0.00%,-40179 days
97045F35-0FB659-A17AB,Magic - Invasion: Harrow - C - Near Mint,Invasion,Common,,1/1/2010,$0.25,,$0.47,$0.22,88.00%,-40179 days
97045F35-255BE2-FD1E1,Magic - Innistrad: Midnight Hunt: Otherworldly Gaze - #67 - C - Near Mint,Midnight Hunt,Common,,1/1/2010,$0.25,,$0.30,$0.05,20.00%,-40179 days
97045F35-C9E225-05684,Magic - Magic 2013 (M13): Krenko's Command - #139 - C - Near Mint,M10-23 Core Set,Common,,1/1/2010,$0.25,,$0.30,$0.05,20.00%,-40179 days
97045F35-C9E225-05684,Magic - Magic 2013 (M13): Krenko's Command - #139 - C - Near Mint,M10-23 Core Set,Common,,1/1/2010,$0.25,,$0.30,$0.05,20.00%,-40179 days
97045F35-C9E225-05684,Magic - Magic 2013 (M13): Krenko's Command - #139 - C - Near Mint,M10-23 Core Set,Common,,1/1/2010,$0.25,,$0.30,$0.05,20.00%,-40179 days
97045F35-22C393-9BC00,Magic - Urza's Saga: Pestilence - #147 - C - Near Mint,Urza's Saga,Common,,1/1/2010,$0.25,,$0.26,$0.01,4.00%,-40179 days
97045F35-158A8C-F8B53,Magic - Kamigawa: Neon Dynasty: Containment Construct - #243 - U - Near Mint,Kamigawa: Neon Dynasty,Uncommon,,1/1/2010,$0.25,,$0.36,$0.11,44.00%,-40179 days
97045F35-3B4A1B-E3DDA,Magic - Worldwake: Scrib Nibblers - #66 - U - Near Mint,WorldWake,Uncommon,,1/1/2010,$0.25,,$0.25,$0.00,0.00%,-40179 days
97045F35-697BB7-877B2,Magic - Theros Beyond Death: Dream Trawler - #214 - R - Near Mint Foil,Theros: Beyond Death,Rare,,1/1/2010,$0.25,,$0.37,$0.12,48.00%,-40179 days
97045F35-79E52F-A2C72,Magic - Scars of Mirrodin: Thrummingbird - #47 - U - Near Mint,Scars of Mirrodin,Uncommon,,1/1/2010,$0.25,,$0.26,$0.01,4.00%,-40179 days
97045F35-277C6F-648C9,Magic - Khans of Tarkir: Tomb of the Spirit Dragon - #245 - U - Near Mint,Khans of Tarkir,Uncommon,,1/1/2010,$0.25,,$0.41,$0.16,64.00%,-40179 days
97045F35-40D2FC-34C0D,Magic - Innistrad: Midnight Hunt: Play with Fire - #154 - U - Near Mint,Midnight Hunt,Uncommon,,1/1/2010,$0.25,,$1.73,$1.48,592.00%,-40179 days
97045F35-9B421A-6CC36,"Magic - Theros Beyond Death: Purphoros, Bronze-Blooded - #150 - M - Near Mint",Theros: Beyond Death,Mythic Rare,,1/1/2010,$0.25,,$2.28,$2.03,812.00%,-40179 days
97045F35-3D2972-7E7FF,Magic - Fallen Empires: Spore Flower - U - Near Mint,Fallen Empires,Uncommon,,1/1/2010,$0.25,,$0.27,$0.02,8.00%,-40179 days
97045F35-503617-69559,Magic - Planechase: Broodstar - R - Near Mint,Planechase,Rare,,1/1/2010,$0.25,,$0.54,$0.29,116.00%,-40179 days
97045F35-85BEDB-06326,Magic - Modern Horizons 2: Murktide Regent - #52 - M - Near Mint,Modern Horizons 2,Mythic Rare,,1/1/2010,$10.24,,$12.00,$1.76,17.19%,-40179 days
97045F35-30D979-C6F39,Magic - Premium Deck Series: Slivers: Metallic Sliver - C - Near Mint Foil,Premium Deck Series: Slivers,Common,,1/1/2010,$0.25,,$0.38,$0.13,52.00%,-40179 days
97045F35-30D979-C6F39,Magic - Premium Deck Series: Slivers: Metallic Sliver - C - Near Mint Foil,Premium Deck Series: Slivers,Common,,1/1/2010,$0.25,,$0.38,$0.13,52.00%,-40179 days
97045F35-B90645-DB1A3,Magic - Adventures in the Forgotten Realms: Temple of the Dragon Queen (Dungeon Module) - #357 - U - Near Mint,Adventures in the Forgotten Realms,Uncommon,,1/1/2010,$0.25,,$0.26,$0.01,4.00%,-40179 days
97045F35-B90645-DB1A3,Magic - Adventures in the Forgotten Realms: Wizard Class - #81 - U - Near Mint,Adventures in the Forgotten Realms,Uncommon,,1/1/2010,$0.25,,$1.65,$1.40,560.00%,-40179 days
97045F35-B90645-DB1A3,Magic - Shadows over Innistrad: Trail of Evidence - #93 - U - Near Mint,Shadows Over Innistrad,Uncommon,,1/1/2010,$0.25,,$0.27,$0.02,8.00%,-40179 days
97045F35-B90645-DB1A3,Magic - Dragon's Maze: Hidden Strings - #12 - C - Near Mint,Dragon's Maze,Common,,1/1/2010,$0.25,,$0.25,$0.00,0.00%,-40179 days
97045F35-B90645-DB1A3,Magic - Worldwake: Lightkeeper of Emeria - #12 - U - Near Mint,WorldWake,Uncommon,,1/1/2010,$0.25,,$0.25,$0.00,0.00%,-40179 days
97045F35-B90645-DB1A3,Magic - Time Spiral: Temporal Isolation - #43 - C - Near Mint,Time Spiral Remastered,Common,,1/1/2010,$0.25,,$0.25,$0.00,0.00%,-40179 days
97045F35-B90645-DB1A3,Magic - Mercadian Masques: War Tax - #113 - U - Near Mint,Mercadian Masques,Uncommon,,1/1/2010,$0.25,,$0.76,$0.51,204.00%,-40179 days
97045F35-B90645-DB1A3,Magic - Visions: Righteous Aura - C - Near Mint,Visions,Common,,1/1/2010,$0.25,,$0.25,$0.00,0.00%,-40179 days
97045F35-B90645-DB1A3,Magic - Commander: Streets of New Capenna: Nesting Grounds - #418 - R - Near Mint,Commander: Streets of New Capenna,Rare,,1/1/2010,$0.25,,$1.51,$1.26,504.00%,-40179 days
97045F35-B90645-DB1A3,Magic - Duel Decks: Jace vs. Vraska: Archaeomancer - #13 - C - Near Mint,Duel Decks Jace Vs Vraska,Common,,1/1/2010,$0.25,,$0.25,$0.00,0.00%,-40179 days
97045F35-E4275C-17976,Magic - Archenemy: Volcanic Fallout - U - Near Mint,Archenemy,Uncommon,,1/1/2010,$0.25,,$0.25,$0.00,0.00%,-40179 days
97045F35-84E9B1-9F80B,Magic - Duel Decks: Blessed vs. Cursed: Falkenrath Noble - #57 - U - Near Mint,Duel Decks: Blessed vs. Cursed,Uncommon,,1/1/2010,$0.25,,$0.27,$0.02,8.00%,-40179 days
97045F35-D3BCCC-C66C3,Magic - Theros Beyond Death: Mirror Shield - #234 - U - Near Mint,Theros: Beyond Death,Uncommon,,1/1/2010,$0.25,,$0.25,$0.00,0.00%,-40179 days
97045F35-CE8B4F-2A3FB,Magic - Fifth Dawn: Ferropede - U - Near Mint,Fifth Dawn,Uncommon,,1/1/2010,$0.25,,$0.38,$0.13,52.00%,-40179 days
97045F35-9CCAF6-645C7,Magic - Ikoria: Lair of Behemoths: Parcelbeast - #199 - U - Near Mint,Ikoria,Uncommon,,1/1/2010,$0.25,,$0.26,$0.01,4.00%,-40179 days
97045F35-4B7B73-E47E0,Magic - Ikoria: Lair of Behemoths: Parcelbeast - #199 - U - Near Mint,Ikoria,Uncommon,,1/1/2010,$0.25,,$0.26,$0.01,4.00%,-40179 days
97045F35-75C4F3-886D1,Magic - Archenemy: Reassembling Skeleton - U - Near Mint,Archenemy,Uncommon,,1/1/2010,$0.25,,$0.49,$0.24,96.00%,-40179 days
97045F35-E43F01-EA6A3,Magic - Lorwyn: Prowess of the Fair - U - Near Mint,Lorwyn,Uncommon,,1/1/2010,$0.25,,$0.36,$0.11,44.00%,-40179 days
97045F35-ABAE47-98AF4,Magic - Innistrad: Midnight Hunt: Outland Liberator (Showcase) - #303 - U - Near Mint,Midnight Hunt,Uncommon,,1/1/2010,$0.25,,$0.25,$0.00,0.00%,-40179 days
97045F35-ABAE47-98AF4,Magic - Innistrad: Midnight Hunt: Outland Liberator (Showcase) - #303 - U - Near Mint,Midnight Hunt,Uncommon,,1/1/2010,$0.25,,$0.25,$0.00,0.00%,-40179 days
97045F35-76ED22-0373B,Magic - Archenemy: Shriekmaw - U - Near Mint,Archenemy,Uncommon,,1/1/2010,$0.25,,$0.33,$0.08,32.00%,-40179 days
97045F35-96F6D5-78AA3,Magic - Throne of Eldraine: Witch's Cottage - #249 - C - Near Mint,Throne of Eldrain,Common,,1/1/2010,$0.25,,$0.32,$0.07,28.00%,-40179 days
97045F35-078708-9ACC4,Magic - Conflux: Scattershot Archer - C - Near Mint,Conflux,Common,,1/1/2010,$0.25,,$0.50,$0.25,100.00%,-40179 days
97045F35-078708-9ACC4,Magic - Conflux: Scattershot Archer - C - Near Mint,Conflux,Common,,1/1/2010,$0.25,,$0.50,$0.25,100.00%,-40179 days
97045F35-FECFE4-437E2,Magic - Innistrad: Invisible Stalker - #60 - U - Near Mint,Innistrad,Uncommon,,1/1/2010,$0.25,,$0.54,$0.29,116.00%,-40179 days
97045F35-772A9D-9AAC5,Magic - Theros Beyond Death: Swamp - #252 - L - Near Mint,Theros: Beyond Death,Common,,1/1/2010,$0.25,,$1.23,$0.98,392.00%,-40179 days
97045F35-D15A26-E84F5,Magic - Theros Beyond Death: Heliod's Intervention - #19 - R - Near Mint,Theros: Beyond Death,Rare,,1/1/2010,$0.25,,$3.73,$3.48,1392.00%,-40179 days
97045F35-D15A26-E84F5,Magic - Time Spiral: Aspect of Mongoose - #191 - U - Near Mint,Time Spiral,Uncommon,,1/1/2010,$0.25,,$1.72,$1.47,588.00%,-40179 days
97045F35-D5FAF2-5C44F,Magic - Scars of Mirrodin: Steady Progress - C - Near Mint,Scars of Mirrodin,Common,,1/1/2010,$0.25,,$0.25,$0.00,0.00%,-40179 days
97045F35-F52FE9-0372B,Magic - Planechase: Vedalken Engineer - C - Near Mint,Planechase,Common,,1/1/2010,$0.25,,$0.34,$0.09,36.00%,-40179 days
97045F35-5523BF-8CA38,Magic - Conflux: Path to Exile - U - Near Mint Path to Exile,Conflux,Uncommon,,1/1/2010,$0.25,,$2.74,$2.49,996.00%,-40179 days
97045F35-F7B32B-B7233,Magic - Worldwake: Ricochet Trap - #87 - U - Near Mint,WorldWake,Uncommon,,1/1/2010,$0.25,,$0.25,$0.00,0.00%,-40179 days
97045F35-C97952-74C19,Magic - Eventide: Cauldron Haze - U - Near Mint,Eventide,Uncommon,,1/1/2010,$0.25,,$0.72,$0.47,188.00%,-40179 days
97045F35-8CBB56-D7D96,Magic - Adventures in the Forgotten Realms: Flumph - #15 - R - Near Mint,Adventures in the Forgotten Realms,Rare,,1/1/2010,$0.25,,$0.44,$0.19,76.00%,-40179 days
97045F35-8CBB56-D7D96,Magic - Throne of Eldraine: Crashing Drawbridge - #217 - C - Near Mint,Throne of Eldrain,Common,,1/1/2010,$0.25,,$0.32,$0.07,28.00%,-40179 days
97045F35-8CBB56-D7D96,Magic - Throne of Eldraine: Foulmire Knight (Showcase) - #286 - U - Near Mint,Throne of Eldrain,Uncommon,,1/1/2010,$0.25,,$0.25,$0.00,0.00%,-40179 days
97045F35-8CBB56-D7D96,Magic - Eldritch Moon: Graf Harvest - #90 - U - Near Mint,Eldritch Moon,Uncommon,,1/1/2010,$0.25,,$0.29,$0.04,16.00%,-40179 days
97045F35-8CBB56-D7D96,Magic - Return to Ravnica: Hover Barrier - #40 - U - Near Mint,Return to Ravnica,Uncommon,,1/1/2010,$0.25,,$0.30,$0.05,20.00%,-40179 days
97045F35-8CBB56-D7D96,Magic - Rise of the Eldrazi: Stalwart Shield-Bearers - #46 - C - Near Mint,Rise of the Eldrazi,Common,,1/1/2010,$0.25,,$0.42,$0.17,68.00%,-40179 days
97045F35-8CBB56-D7D96,Magic - Conflux: Telemin Performance - R - Near Mint,Conflux,Rare,,1/1/2010,$0.25,,$0.42,$0.17,68.00%,-40179 days
97045F35-8CBB56-D7D96,Magic - Shards of Alara: Sigiled Paladin - U - Near Mint,Shards of Alara,Uncommon,,1/1/2010,$0.25,,$0.27,$0.02,8.00%,-40179 days
97045F35-8CBB56-D7D96,Magic - Future Sight: Mesmeric Sliver - #53 - C - Near Mint,Future Sight,Common,,1/1/2010,$0.25,,$0.25,$0.00,0.00%,-40179 days
97045F35-8CBB56-D7D96,Magic - Betrayers of Kamigawa: Kaijin of the Vanishing Touch - #39 - U - Near Mint,Betrayers of Kamigawa,Uncommon,,1/1/2010,$0.25,,$0.25,$0.00,0.00%,-40179 days
97045F35-8CBB56-D7D96,Magic - Mirrodin: Steel Wall - C - Near Mint,Mirrodin,Common,,1/1/2010,$0.25,,$0.29,$0.04,16.00%,-40179 days
97045F35-8CBB56-D7D96,Magic - Urza's Destiny: Wall of Glare - C - Near Mint,Urza's Destiny,Common,,1/1/2010,$0.25,,$0.28,$0.03,12.00%,-40179 days
97045F35-8CBB56-D7D96,Magic - Stronghold: Wall of Tears - U - Near Mint,Stronghold,Uncommon,,1/1/2010,$0.25,,$1.03,$0.78,312.00%,-40179 days
97045F35-8CBB56-D7D96,Magic - Eternal Masters: Glacial Wall - #53 - C - Near Mint,Eternal Masters,Common,,1/1/2010,$0.25,,$0.25,$0.00,0.00%,-40179 days
97045F35-A57C5B-C626D,Magic - Archenemy: Terminate - C - Near Mint,Archenemy,Common,,1/1/2010,$0.25,,$0.39,$0.14,56.00%,-40179 days
97045F35-A57C5B-C626D,Magic - Modern Horizons 2: Bottle Golems - #222 - C - Near Mint,Modern Horizons 2,Common,,1/1/2010,$0.25,,$0.25,$0.00,0.00%,-40179 days
97045F35-FDC9FB-2D4F2,Magic - Scars of Mirrodin: Steady Progress - C - Near Mint,Scars of Mirrodin,Common,,1/1/2010,$0.25,,$0.25,$0.00,0.00%,-40179 days
97045F35-917BDD-CDE30,Magic - Mirrodin Besieged: Core Prowler - U - Near Mint,Mirrodin Besieged,Uncommon,,1/1/2010,$0.25,,$0.53,$0.28,112.00%,-40179 days
97045F35-917BDD-CDE30,Magic - 10th Edition: Aura of Silence - #6 - U - Near Mint,Tenth Edition,Uncommon,,1/1/2010,$0.25,,$5.44,$5.19,2076.00%,-40179 days
97045F35-5061EF-7FF73,Magic - Magic 2010 (M10): Burning Inquiry - #128 - C - Near Mint,M10-23 Core Set,Common,,1/1/2010,$0.25,,$1.35,$1.10,440.00%,-40179 days
97045F35-7CF11A-21FBF,Magic - Shadows over Innistrad: Essence Flux - #61 - U - Near Mint,Shadows Over Innistrad,Uncommon,,1/1/2010,$0.25,,$1.48,$1.23,492.00%,-40179 days
97045F35-94D42D-1BC97,Magic - Shadowmoor: Devoted Druid - C - Near Mint Devoted Druid,Shadowmoore,Common,,1/1/2010,$0.25,,$0.50,$0.25,100.00%,-40179 days
97045F35-94D42D-1BC97,Magic - Shadowmoor: Devoted Druid - C - Near Mint Devoted Druid,Shadowmoore,Common,,1/1/2010,$0.25,,$0.50,$0.25,100.00%,-40179 days
97045F35-94D42D-1BC97,Magic - Shadowmoor: Devoted Druid - C - Near Mint Devoted Druid,Shadowmoore,Common,,1/1/2010,$0.25,,$0.50,$0.25,100.00%,-40179 days
97045F35-94D42D-1BC97,Magic - Shadowmoor: Devoted Druid - C - Near Mint Devoted Druid,Shadowmoore,Common,,1/1/2010,$0.25,,$0.50,$0.25,100.00%,-40179 days
97045F35-360FA1-5A221,Magic - Archenemy: Corpse Connoisseur - U - Near Mint,Archenemy,Uncommon,,1/1/2010,$0.25,,$0.35,$0.10,40.00%,-40179 days
97045F35-CA811F-DBA35,Magic - Portal: Exhaustion - R - Lightly Played,Portal,Rare,,1/1/2010,$0.25,,$0.90,$0.65,260.00%,-40179 days
97045F35-B2D62B-7B7ED,Magic - Dragon's Maze: Crypt Incursion - #23 - C - Near Mint,Dragon's Maze,Common,,1/1/2010,$0.25,,$0.27,$0.02,8.00%,-40179 days
97045F35-B2D62B-7B7ED,Magic - Dragon's Maze: Crypt Incursion - #23 - C - Near Mint,Dragon's Maze,Common,,1/1/2010,$0.25,,$0.27,$0.02,8.00%,-40179 days
97045F35-DCCA45-468D6,Magic - Adventures in the Forgotten Realms: Dungeon Descent - #255 - R - Near Mint,Adventures in the Forgotten Realms,Rare,,1/1/2010,$0.25,,$0.18,-$0.07,-28.00%,-40179 days
97045F35-454B9E-277C0,Magic - Adventures in the Forgotten Realms: Orb of Dragonkind - #157 - R - Near Mint,Adventures in the Forgotten Realms,Rare,,1/1/2010,$0.25,,$1.35,$1.10,440.00%,-40179 days
97045F35-D0A9BC-D0950,Magic - Throne of Eldraine: Deafening Silence - #10 - U - Near Mint,Throne of Eldrain,Uncommon,,1/1/2010,$0.25,,$1.37,$1.12,448.00%,-40179 days
97045F35-F10C5B-7D47E,Magic - Hour of Devastation: Survivors' Encampment - #184 - C - Near Mint,Hour of Devastation,Common,,1/1/2010,$0.25,,$0.25,$0.00,0.00%,-40179 days
97045F35-5A65E9-3F553,Magic - Scars of Mirrodin: Steady Progress - C - Near Mint,Scars of Mirrodin,Common,,1/1/2010,$0.25,,$0.25,$0.00,0.00%,-40179 days
97045F35-92F686-D2E49,"Magic - Dominaria United: Elas il-Kor, Sadistic Pilgrim (Textured Foil) - #338 - U - Near Mint Foil",Dominaria United,Uncommon,,1/1/2010,$0.25,,$2.00,$1.75,700.00%,-40179 days
97045F35-B0D827-EDE32,Magic - Scars of Mirrodin: Steady Progress - C - Near Mint,Scars of Mirrodin,Common,,1/1/2010,$0.25,,$0.25,$0.00,0.00%,-40179 days
97045F35-BF3EC9-3A85D,Magic - Adventures in the Forgotten Realms: Cleric Class - #6 - U - Near Mint Foil,Adventures in the Forgotten Realms,Uncommon,,1/1/2010,$0.25,,$1.51,$1.26,504.00%,-40179 days
97045F35-B37082-F9223,Magic - Core Set 2021: Rugged Highlands - #249 - L - Near Mint,M10-23 Core Set,Common,,1/1/2010,$0.25,,$0.06,-$0.19,-76.00%,-40179 days
97045F35-04195E-89BAE,Magic - Ikoria: Lair of Behemoths: Skull Prophet - #206 - U - Near Mint,Ikoria,Uncommon,,1/1/2010,$0.25,,$0.28,$0.03,12.00%,-40179 days
97045F35-3C06E8-F9B00,Magic - Gatecrash: Holy Mantle - #17 - U - Lightly Played,Gatecrash,Uncommon,,1/1/2010,$0.25,,$0.25,$0.00,0.00%,-40179 days
97045F35-3C51B5-F5855,Magic - Time Spiral: Spirit Loop - #42 - U - Near Mint,Time Spiral Remastered,Uncommon,,1/1/2010,$0.25,,$0.87,$0.62,248.00%,-40179 days
97045F35-3A994D-D181E,Magic - Kaldheim: Elven Ambush - #391 - U - Near Mint,Commander: Kaldheim,Uncommon,,1/1/2010,$0.25,,$0.25,$0.00,0.00%,-40179 days
97045F35-FABA78-1631E,"Magic - Commander: Streets of New Capenna: Power Conduit - #376 - U
- Near Mint",Commander: Streets of New Capenna,Uncommon,,1/1/2010,$0.25,,$0.75,$0.50,200.00%,-40179 days
97045F35-ED45F6-59B0A,Magic - Rise of the Eldrazi: Stalwart Shield-Bearers - #46 - C - Near Mint,Rise of the Eldrazi,Common,,1/1/2010,$0.25,,$0.38,$0.13,52.00%,-40179 days
97045F35-ED45F6-59B0A,Magic - Urza's Destiny: Wall of Glare - C - Near Mint,Urza's Destiny,Common,,1/1/2010,$0.25,,$0.28,$0.03,12.00%,-40179 days
97045F35-D6D48B-47A30,Magic - Avacyn Restored: Cloudshift - #12 - C - Near Mint,Avacyn Restored,Common,,1/1/2010,$0.25,,$0.41,$0.16,64.00%,-40179 days
97045F35-1256E7-DC6C5,Magic - Time Spiral: Spirit Loop - #42 - U - Near Mint,Time Spiral,Uncommon,,1/1/2010,$0.25,,$0.87,$0.62,248.00%,-40179 days
97045F35-740C00-CBC53,Magic - Alara Reborn: Filigree Angel - R - Near Mint,Alara Reborn,Rare,,1/1/2010,$0.25,,$0.21,-$0.04,-16.00%,-40179 days
97045F35-393888-49B1C,Magic - Kaldheim: Elven Ambush - #391 - U - Near Mint,Kaldheim,Uncommon,,1/1/2010,$0.25,,$0.25,$0.00,0.00%,-40179 days
97045F35-393888-49B1C,Magic - Kaldheim: Elven Ambush - #391 - U - Near Mint,Kaldheim,Uncommon,,1/1/2010,$0.25,,$0.25,$0.00,0.00%,-40179 days
97045F35-B65A7B-844FC,Magic - Theros Beyond Death: Destiny Spinner - #168 - U - Near Mint,Theros: Beyond Death,Uncommon,,1/1/2010,$0.25,,$0.25,$0.00,0.00%,-40179 days
97045F35-F9271A-C4417,Magic - Magic 2010 (M10): Overrun - #198 - U - Near Mint,M10-23 Core Set,Uncommon,,1/1/2010,$0.25,,$1.75,$1.50,600.00%,-40179 days
97045F35-F9271A-C4417,Magic - Magic 2010 (M10): Overrun - #198 - U - Near Mint,M10-23 Core Set,Uncommon,,1/1/2010,$0.25,,$0.26,$0.01,4.00%,-40179 days
97045F35-F9271A-C4417,Magic - Torment: Acorn Harvest - C - Near Mint,Torment,Common,,1/1/2010,$0.25,,$0.26,$0.01,4.00%,-40179 days
97045F35-F9271A-C4417,Magic - Magic 2010 (M10): Overrun - #198 - U - Lightly Played,M10-23 Core Set,Uncommon,,1/1/2010,$0.25,,$0.25,$0.00,0.00%,-40179 days
97045F35-43B768-21B42,Magic - Planechase: Explosive Vegetation - U - Near Mint,Planechase,Uncommon,,1/1/2010,$0.25,,$0.25,$0.00,0.00%,-40179 days
97045F35-43B768-21B42,Magic - Planechase: Rampant Growth - C - Near Mint,Planechase,Common,,1/1/2010,$0.25,,$0.41,$0.16,64.00%,-40179 days
97045F35-DC1746-9E94D,Magic - Magic 2012 (M12): Goblin Grenade - #140 - U - Near Mint,M10-23 Core Set,Uncommon,,1/1/2010,$0.25,,$0.49,$0.24,96.00%,-40179 days
97045F35-FF4E20-0425F,Magic - Scars of Mirrodin: Golem Foundry - C - Near Mint,Scars of Mirrodin,Common,,1/1/2010,$0.25,,$0.25,$0.00,0.00%,-40179 days
97045F35-49C790-0478A,Magic - Planar Chaos: Psychotrope Thallid - #137 - U - Near Mint,Planar Chaos,Uncommon,,1/1/2010,$0.25,,$4.20,$3.95,1580.00%,-40179 days
97045F35-660B08-2833A,Magic - Adventures in the Forgotten Realms: Grand Master of Flowers (Borderless) - #282 - M - Near Mint,Adventures in the Forgotten Realms,Mythic Rare,,1/1/2010,$0.25,,$0.69,$0.44,176.00%,-40179 days
97045F35-660B08-2833A,Magic - Theros Beyond Death: Eidolon of Obstruction - #12 - R - Near Mint,Theros: Beyond Death,Rare,,1/1/2010,$0.25,,$0.11,-$0.14,-56.00%,-40179 days
97045F35-660B08-2833A,Magic - Planar Chaos: Psychotrope Thallid - #137 - U - Near Mint,Planar Chaos,Uncommon,,1/1/2010,$0.25,,$4.20,$3.95,1580.00%,-40179 days
97045F35-660B08-2833A,Magic - Planechase: Verdant Force - R - Near Mint,Planechase,Rare,,1/1/2010,$0.25,,$0.38,$0.13,52.00%,-40179 days
97045F35-4EB461-EAFE3,Magic - Urza's Destiny: Yawgmoth's Bargain - #75 - R - Near Mint Yawgmoth's Bargain,Urza's Destiny,Rare,,1/1/2010,$0.25,,$15.00,$14.75,5900.00%,-40179 days
97045F35-73E5D2-DB9CE,Magic - Adventures in the Forgotten Realms: Den of the Bugbear (Dungeon Module) - #351 - R - Near Mint,Adventures in the Forgotten Realms,Rare,,1/1/2010,$0.25,,$7.22,$6.97,2788.00%,-40179 days
97045F35-73E5D2-DB9CE,Magic - 10th Edition: Forbidding Watchtower - #352 - U - Near Mint,Tenth Edition,Uncommon,,1/1/2010,$0.25,,$0.58,$0.33,132.00%,-40179 days
97045F35-0A6297-BF4CC,Magic - Conflux: Asha's Favor - C - Near Mint,Conflux,Common,,1/1/2010,$0.25,,$0.28,$0.03,12.00%,-40179 days
97045F35-DB64DA-1536C,Magic - Kaldheim: Ravenform - #72 - C - Near Mint,Kaldheim,Common,,1/1/2010,$0.25,,$0.25,$0.00,0.00%,-40179 days
97045F35-DB64DA-1536C,Magic - Kaldheim: Ravenform - #72 - C - Near Mint,Kaldheim,Common,,1/1/2010,$0.25,,$0.25,$0.00,0.00%,-40179 days
97045F35-DB64DA-1536C,Magic - Kaldheim: Ravenform - #72 - C - Near Mint,Kaldheim,Common,,1/1/2010,$0.25,,$0.25,$0.00,0.00%,-40179 days
97045F35-5164D2-8DD42,Magic - Conspiracy: Take the Crown: Besmirch - #49 - U - Near Mint,Conspiracy: Take the Crown,Uncommon,,1/1/2010,$0.25,,$0.84,$0.59,236.00%,-40179 days
97045F35-CE3F97-741A0,Magic - Eternal Masters: Tragic Slip - #109 - C - Near Mint,Eternal Masters,Common,,1/1/2010,$0.25,,$0.34,$0.09,36.00%,-40179 days
97045F35-D70BEA-1CFA4,Magic - Avacyn Restored: Cloudshift - #12 - C - Near Mint,Avacyn Restored,Common,,1/1/2010,$0.25,,$0.41,$0.16,64.00%,-40179 days
97045F35-9F38CE-1324C,Magic - Archenemy: Terminate - C - Near Mint,Archenemy,Common,,1/1/2010,$0.25,,$0.39,$0.14,56.00%,-40179 days
97045F35-AEEE17-27327,Magic - 10th Edition: No Rest for the Wicked - #165 - U - Near Mint,Tenth Edition,Uncommon,,1/1/2010,$0.25,,$0.44,$0.19,76.00%,-40179 days
97045F35-71DB92-D1CA7,Magic - Archenemy: Thran Dynamo - U - Near Mint,Archenemy,Uncommon,,1/1/2010,$0.25,,$3.92,$3.67,1468.00%,-40179 days
97045F35-0DF9AC-E729F,Magic - Time Spiral: Clockspinning - #53 - C - Near Mint,Time Spiral,Common,,1/1/2010,$0.25,,$0.27,$0.02,8.00%,-40179 days
97045F35-7062EE-3A829,Magic - Rise of the Eldrazi: Pestilence Demon - #124 - R - Near Mint,Rise of the Eldrazi,Rare,,1/1/2010,$0.25,,$0.65,$0.40,160.00%,-40179 days
97045F35-EF8A9C-3E909,Magic - Classic Sixth Edition: Vitalize - #265 - C - Near Mint,Sixth Edition,Common,,1/1/2010,$0.25,,$0.91,$0.66,264.00%,-40179 days
97045F35-82C30D-0FD9E,Magic - 10th Edition: No Rest for the Wicked - #165 - U - Near Mint,Tenth Edition,Uncommon,,1/1/2010,$0.25,,$0.46,$0.21,84.00%,-40179 days
97045F35-B16918-F27F5,Magic - Planechase: Taurean Mauler - Near Mint,Planechase,Rare,Creature,1/1/2010,$0.25,4/7/2023,$0.92,$0.67,268.00%,4844 days
97045F35-C0AEE6-7A8BC,Magic - Scars of Mirrodin: Bellowing Tanglewurm - Near Mint,Scars of Mirrodin,Uncommon,Creature,1/1/2010,$0.25,4/7/2023,$0.56,$0.31,124.00%,4844 days
97045F35-C0AEE6-7A8BC,Magic - Theros Beyond Death: Hydra's Growth - #172 - Near Mint,Theros: Beyond Death,Uncommon,Enchantment,1/1/2010,$0.25,4/7/2023,$0.77,$0.52,208.00%,4844 days
97045F35-3F5986-A8ABF,Magic - Heroes Path Promos: Lash of the Tyrant - C - Near Mint,Media Promos,Common,Artifact,1/28/2023,$2.75,4/10/2023,$10.95,$8.20,298.18%,72 days
97045F35-3F5986-A8ABF,Magic - Heroes Path Promos: Lash of the Tyrant - C - Near Mint,Media Promos,Common,Artifact,1/29/2023,$2.75,4/11/2023,$10.95,$8.20,298.18%,72 days
97045F35-B60F52-90B0A,Magic - Time Spiral: Gemhide Sliver - U - Near Mint,Time Spiral,Common,Creature,1/1/2010,$0.50,4/11/2023,$0.48,-$0.02,-4.00%,4848 days
97045F35-0F0568-769DD,Magic - Archenemy: Chameleon Colossus - Moderately Played,Archenemy,Rare,Creature,1/1/2010,$0.50,4/10/2023,$0.64,$0.14,28.00%,4847 days
97045F35-203C74-E4BFF,Magic - 10th Edition: Denizen of the Deep - #80 - Lightly Played,Tenth Edition,Rare,,1/1/2010,$0.25,4/26/2023,$0.18,-$0.07,-28.00%,4863 days
97045F35-203C74-E4BFF,Magic - 10th Edition: Diabolic Tutor - #135 - Near Mint,Tenth Edition,Uncommon,,1/1/2010,$0.25,4/26/2023,$0.91,$0.66,264.00%,4863 days
97045F35-203C74-E4BFF,Magic - Battle for Zendikar: Spawning Bed - #248,Battle for Zendikar,Uncommon,,1/1/2010,$0.25,4/26/2023,$0.40,$0.15,60.00%,4863 days
97045F35-203C74-E4BFF,Magic - Commander Anthology: Thornweald Archer - #154 - Near Mint,Commander Legends,Common,,1/1/2010,$0.25,4/26/2023,$0.54,$0.29,116.00%,4863 days
97045F35-203C74-E4BFF,Magic - Future Sight: Magus of the Abyss - #70 - Near Mint,Future Sight,Rare,,1/1/2010,$0.25,4/26/2023,$0.23,-$0.02,-8.00%,4863 days
97045F35-203C74-E4BFF,Magic - Modern Horizons 2: Blessed Respite - #150 - Near Mint,Modern Horizons 2,Uncommon,,1/1/2010,$0.25,4/26/2023,$0.40,$0.15,60.00%,4863 days
97045F35-203C74-E4BFF,Magic - Planechase: Fertilid - Near Mint,Planechase,Common,,1/1/2010,$0.25,4/26/2023,$0.15,-$0.10,-40.00%,4863 days
97045F35-203C74-E4BFF,Magic - Planechase: Rumbling Slum - Near Mint,Planechase,Rare,,1/1/2010,$0.25,4/26/2023,$0.12,-$0.13,-52.00%,4863 days
97045F35-203C74-E4BFF,Magic - 10th Edition: Diabolic Tutor - #135 - Near Mint,Tenth Edition,Uncommon,,1/1/2010,$0.25,4/26/2023,$0.91,$0.66,264.00%,4863 days
97045F35-203C74-E4BFF,Magic - Battle for Zendikar: Spawning Bed - #248,Battle for Zendikar,Uncommon,,1/1/2010,$0.25,4/26/2023,$0.40,$0.15,60.00%,4863 days
97045F35-203C74-E4BFF,Magic - Battle for Zendikar: Spawning Bed - #248,Battle for Zendikar,Uncommon,,1/1/2010,$0.25,4/26/2023,$0.40,$0.15,60.00%,4863 days
97045F35-203C74-E4BFF,Magic - Modern Horizons 2: Blessed Respite - #150 - Near Mint,Modern Horizons 2,Uncommon,,1/1/2010,$0.25,4/26/2023,$0.40,$0.15,60.00%,4863 days
97045F35-512382-B7EEB,Magic - Mirage: Final Fortune - Near Mint,Mirage,Rare,,11/16/2022,$8.01,4/29/2023,$18.25,$10.24,127.84%,164 days
97045F35-BDC042-3A3A0,Magic - Theros Beyond Death: Island - #251 - Near Mint,Theros: Beyond Death,Common,Land,4/4/2023,$0.60,5/2/2023,$1.13,$0.53,88.33%,28 days
97045F35-BDC042-3A3A0,Magic - Theros Beyond Death: Island - #251 - Near Mint,Theros: Beyond Death,Common,Land,4/4/2023,$0.60,5/2/2023,$1.13,$0.53,88.33%,28 days
97045F35-BDC042-3A3A0,Magic - Theros Beyond Death: Island - #251 - Near Mint,Theros: Beyond Death,Common,Land,4/4/2023,$0.60,5/2/2023,$1.13,$0.53,88.33%,28 days
97045F35-BDC042-3A3A0,Magic - Theros Beyond Death: Island - #251 - Near Mint,Theros: Beyond Death,Common,Land,4/4/2023,$0.60,5/2/2023,$1.13,$0.53,88.33%,28 days
97045F35-BDC042-3A3A0,Magic - Theros Beyond Death: Island - #251 - Near Mint,Theros: Beyond Death,Common,Land,4/4/2023,$0.60,5/2/2023,$1.13,$0.53,88.33%,28 days
97045F35-82B268-27B8F,"Magic - March of the Machine: Multiverse Legends: Ragavan, Nimble Pilferer - #21 - Near Mint",,Mythic Rare,Creature,4/20/2023,$30.00,5/4/2023,$52.77,$22.77,75.90%,14 days
97045F35-E0FF4A-0C629,Magic - Kamigawa: Neon Dynasty: Patchwork Automaton - #254 - Near Mint,Kamigawa: Neon Dynasty,,,1/1/2010,$0.25,5/10/2023,$0.46,$0.21,84.00%,4877 days
,,,,,,,,,$0.00,#DIV/0!,0 days
,,,,,,,,,$0.00,#DIV/0!,0 days
,,,,,,,,,$0.00,#DIV/0!,0 days
,,,,,,,,,$0.00,#DIV/0!,0 days
,,,,,,,,,$0.00,#DIV/0!,0 days
,,,,,,,,,$0.00,#DIV/0!,0 days
,,,,,,,,,$0.00,#DIV/0!,0 days
,,,,,,,,,$0.00,#DIV/0!,
,,,,,,,,,$0.00,#DIV/0!,
,,,,,,,,,$0.00,#DIV/0!,
,,,,,,,,,$0.00,#DIV/0!,
,,,,,,,,,$0.00,#DIV/0!,
,,,,,,,,,$0.00,#DIV/0!,
,,,,,,,,,$0.00,#DIV/0!,
,,,,,,,,,$0.00,#DIV/0!,
,,,,,,,,,$0.00,#DIV/0!,
,,,,,,,,,$0.00,#DIV/0!,
,,,,,,,,,$0.00,#DIV/0!,
,,,,,,,,,$0.00,#DIV/0!,
,,,,,,,,,$0.00,#DIV/0!,
,,,,,,,,,$0.00,#DIV/0!,
,,,,,,,,,$0.00,#DIV/0!,
,,,,,,,,,$0.00,#DIV/0!,
,,,,,,,,,$0.00,#DIV/0!,
,,,,,,,,,$0.00,#DIV/0!,
,,,,,,,,,$0.00,#DIV/0!,
,,,,,,,,,$0.00,#DIV/0!,
,,,,,,,,,$0.00,#DIV/0!,
,,,,,,,,,$0.00,#DIV/0!,
,,,,,,,,,$0.00,#DIV/0!,
,,,,,,,,,$0.00,#DIV/0!,
,,,,,,,,,$0.00,#DIV/0!,
,,,,,,,,,$0.00,#DIV/0!,
,,,,,,,,,$0.00,#DIV/0!,
,,,,,,,,,$0.00,#DIV/0!,
,,,,,,,,,$0.00,#DIV/0!,
,,,,,,,,,$0.00,#DIV/0!,
,,,,,,,,,$0.00,#DIV/0!,
,,,,,,,,,$0.00,#DIV/0!,
,,,,,,,,,$0.00,#DIV/0!,
,,,,,,,,,$0.00,#DIV/0!,
,,,,,,,,,$0.00,#DIV/0!,
,,,,,,,,,$0.00,#DIV/0!,
,,,,,,,,,$0.00,#DIV/0!,
,,,,,,,,,$0.00,#DIV/0!,
,,,,,,,,,$0.00,#DIV/0!,
,,,,,,,,,$0.00,#DIV/0!,
,,,,,,,,,$0.00,#DIV/0!,
,,,,,,,,,$0.00,#DIV/0!,
,,,,,,,,,$0.00,#DIV/0!,
,,,,,,,,,$0.00,#DIV/0!,
,,,,,,,,,$0.00,#DIV/0!,
,,,,,,,,,$0.00,#DIV/0!,
,,,,,,,,,$0.00,#DIV/0!,
,,,,,,,,,$0.00,#DIV/0!,
,,,,,,,,,$0.00,#DIV/0!,
,,,,,,,,,$0.00,#DIV/0!,
,,,,,,,,,$0.00,#DIV/0!,
,,,,,,,,,$0.00,#DIV/0!,
,,,,,,,,,$0.00,#DIV/0!,
,,,,,,,,,$0.00,#DIV/0!,
,,,,,,,,,$0.00,#DIV/0!,
,,,,,,,,,$0.00,#DIV/0!,
,,,,,,,,,$0.00,#DIV/0!,
,,,,,,,,,$0.00,#DIV/0!,
,,,,,,,,,$0.00,#DIV/0!,
,,,,,,,,,$0.00,#DIV/0!,
,,,,,,,,,$0.00,#DIV/0!,
,,,,,,,,,$0.00,#DIV/0!,
,,,,,,,,,$0.00,#DIV/0!,
,,,,,,,,,$0.00,#DIV/0!,
,,,,,,,,,$0.00,#DIV/0!,
,,,,,,,,,$0.00,#DIV/0!,
,,,,,,,,,$0.00,#DIV/0!,
,,,,,,,,,$0.00,#DIV/0!,
,,,,,,,,,$0.00,#DIV/0!,
,,,,,,,,,$0.00,#DIV/0!,
,,,,,,,,,$0.00,#DIV/0!,
,,,,,,,,,$0.00,#DIV/0!,
,,,,,,,,,$0.00,#DIV/0!,
,,,,,,,,,$0.00,#DIV/0!,
,,,,,,,,,$0.00,#DIV/0!,
,,,,,,,,,$0.00,#DIV/0!,
,,,,,,,,,$0.00,#DIV/0!,
,,,,,,,,,$0.00,#DIV/0!,
,,,,,,,,,$0.00,#DIV/0!,
,,,,,,,,,$0.00,#DIV/0!,
,,,,,,,,,$0.00,#DIV/0!,
,,,,,,,,,$0.00,#DIV/0!,
,,,,,,,,,$0.00,#DIV/0!,
,,,,,,,,,$0.00,#DIV/0!,
,,,,,,,,,$0.00,#DIV/0!,
,,,,,,,,,$0.00,#DIV/0!,
,,,,,,,,,$0.00,#DIV/0!,
,,,,,,,,,$0.00,#DIV/0!,
,,,,,,,,,$0.00,#DIV/0!,
,,,,,,,,,$0.00,#DIV/0!,
,,,,,,,,,$0.00,#DIV/0!,
,,,,,,,,,$0.00,#DIV/0!,
,,,,,,,,,$0.00,#DIV/0!,
,,,,,,,,,$0.00,#DIV/0!,
,,,,,,,,,$0.00,#DIV/0!,
,,,,,,,,,$0.00,#DIV/0!,
,,,,,,,,,$0.00,#DIV/0!,
,,,,,,,,,$0.00,#DIV/0!,
,,,,,,,,,$0.00,#DIV/0!,
,,,,,,,,,$0.00,#DIV/0!,
,,,,,,,,,$0.00,#DIV/0!,
,,,,,,,,,$0.00,#DIV/0!,
,,,,,,,,,$0.00,#DIV/0!,
,,,,,,,,,$0.00,#DIV/0!,
,,,,,,,,,$0.00,#DIV/0!,
,,,,,,,,,$0.00,#DIV/0!,
,,,,,,,,,$0.00,#DIV/0!,
,,,,,,,,,$0.00,#DIV/0!,
,,,,,,,,,$0.00,#DIV/0!,
,,,,,,,,,$0.00,#DIV/0!,
,,,,,,,,,$0.00,#DIV/0!,
,,,,,,,,,$0.00,#DIV/0!,
,,,,,,,,,$0.00,#DIV/0!,
,,,,,,,,,$0.00,#DIV/0!,
,,,,,,,,,$0.00,#DIV/0!,
,,,,,,,,,$0.00,#DIV/0!,
,,,,,,,,,$0.00,#DIV/0!,
,,,,,,,,,$0.00,#DIV/0!,
,,,,,,,,,$0.00,#DIV/0!,
,,,,,,,,,$0.00,#DIV/0!,
,,,,,,,,,$0.00,#DIV/0!,
,,,,,,,,,$0.00,#DIV/0!,
,,,,,,,,,$0.00,#DIV/0!,
,,,,,,,,,$0.00,#DIV/0!,
,,,,,,,,,$0.00,#DIV/0!,
,,,,,,,,,$0.00,#DIV/0!,
,,,,,,,,,$0.00,#DIV/0!,
,,,,,,,,,$0.00,#DIV/0!,
,,,,,,,,,$0.00,#DIV/0!,
,,,,,,,,,$0.00,#DIV/0!,
,,,,,,,,,$0.00,#DIV/0!,
,,,,,,,,,$0.00,#DIV/0!,
,,,,,,,,,$0.00,#DIV/0!,
,,,,,,,,,$0.00,#DIV/0!,
,,,,,,,,,$0.00,#DIV/0!,
,,,,,,,,,$0.00,#DIV/0!,
,,,,,,,,,$0.00,#DIV/0!,
,,,,,,,,,$0.00,#DIV/0!,
,,,,,,,,,$0.00,#DIV/0!,
,,,,,,,,,$0.00,#DIV/0!,
,,,,,,,,,$0.00,#DIV/0!,
,,,,,,,,,$0.00,#DIV/0!,
,,,,,,,,,$0.00,#DIV/0!,
,,,,,,,,,$0.00,#DIV/0!,
,,,,,,,,,$0.00,#DIV/0!,
,,,,,,,,,$0.00,#DIV/0!,
,,,,,,,,,$0.00,#DIV/0!,
,,,,,,,,,$0.00,#DIV/0!,
,,,,,,,,,$0.00,#DIV/0!,
,,,,,,,,,$0.00,#DIV/0!,
,,,,,,,,,$0.00,#DIV/0!,
,,,,,,,,,$0.00,#DIV/0!,
,,,,,,,,,$0.00,#DIV/0!,
,,,,,,,,,$0.00,#DIV/0!,
,,,,,,,,,$0.00,#DIV/0!,
,,,,,,,,,$0.00,#DIV/0!,
,,,,,,,,,$0.00,#DIV/0!,
,,,,,,,,,$0.00,#DIV/0!,
,,,,,,,,,$0.00,#DIV/0!,
,,,,,,,,,$0.00,#DIV/0!,
,,,,,,,,,$0.00,#DIV/0!,
,,,,,,,,,$0.00,#DIV/0!,
,,,,,,,,,$0.00,#DIV/0!,
,,,,,,,,,$0.00,#DIV/0!,
,,,,,,,,,$0.00,#DIV/0!,
,,,,,,,,,$0.00,#DIV/0!,
,,,,,,,,,$0.00,#DIV/0!,
,,,,,,,,,$0.00,#DIV/0!,
,,,,,,,,,$0.00,#DIV/0!,
,,,,,,,,,$0.00,#DIV/0!,
,,,,,,,,,$0.00,#DIV/0!,
,,,,,,,,,$0.00,#DIV/0!,
,,,,,,,,,$0.00,#DIV/0!,
,,,,,,,,,$0.00,#DIV/0!,
,,,,,,,,,$0.00,#DIV/0!,
,,,,,,,,,$0.00,#DIV/0!,
,,,,,,,,,$0.00,#DIV/0!,
,,,,,,,,,$0.00,#DIV/0!,
,,,,,,,,,$0.00,#DIV/0!,
,,,,,,,,,$0.00,#DIV/0!,
,,,,,,,,,$0.00,#DIV/0!,
,,,,,,,,,$0.00,#DIV/0!,
,,,,,,,,,$0.00,#DIV/0!,
,,,,,,,,,$0.00,#DIV/0!,
,,,,,,,,,$0.00,#DIV/0!,
,,,,,,,,,$0.00,#DIV/0!,
,,,,,,,,,$0.00,#DIV/0!,
,,,,,,,,,$0.00,#DIV/0!,
,,,,,,,,,$0.00,#DIV/0!,
,,,,,,,,,$0.00,#DIV/0!,
,,,,,,,,,$0.00,#DIV/0!,
,,,,,,,,,$0.00,#DIV/0!,
,,,,,,,,,$0.00,#DIV/0!,
,,,,,,,,,$0.00,#DIV/0!,
,,,,,,,,,$0.00,#DIV/0!,
,,,,,,,,,$0.00,#DIV/0!,
,,,,,,,,,$0.00,#DIV/0!,
,,,,,,,,,$0.00,#DIV/0!,
,,,,,,,,,$0.00,#DIV/0!,
,,,,,,,,,$0.00,#DIV/0!,
,,,,,,,,,$0.00,#DIV/0!,
,,,,,,,,,$0.00,#DIV/0!,
,,,,,,,,,$0.00,#DIV/0!,
,,,,,,,,,$0.00,#DIV/0!,
,,,,,,,,,$0.00,#DIV/0!,
,,,,,,,,,$0.00,#DIV/0!,
,,,,,,,,,$0.00,#DIV/0!,
,,,,,,,,,$0.00,#DIV/0!,
,,,,,,,,,$0.00,#DIV/0!,
,,,,,,,,,$0.00,#DIV/0!,
,,,,,,,,,$0.00,#DIV/0!,
,,,,,,,,,$0.00,#DIV/0!,
,,,,,,,,,$0.00,#DIV/0!,
,,,,,,,,,$0.00,#DIV/0!,
,,,,,,,,,$0.00,#DIV/0!,
,,,,,,,,,$0.00,#DIV/0!,
,,,,,,,,,$0.00,#DIV/0!,
,,,,,,,,,$0.00,#DIV/0!,
,,,,,,,,,$0.00,#DIV/0!,
,,,,,,,,,$0.00,#DIV/0!,
,,,,,,,,,$0.00,#DIV/0!,
,,,,,,,,,$0.00,#DIV/0!,
,,,,,,,,,$0.00,#DIV/0!,
,,,,,,,,,$0.00,#DIV/0!,
,,,,,,,,,$0.00,#DIV/0!,
,,,,,,,,,$0.00,#DIV/0!,
,,,,,,,,,$0.00,#DIV/0!,
,,,,,,,,,$0.00,#DIV/0!,
,,,,,,,,,$0.00,#DIV/0!,
,,,,,,,,,$0.00,#DIV/0!,
,,,,,,,,,$0.00,#DIV/0!,
,,,,,,,,,$0.00,#DIV/0!,
,,,,,,,,,$0.00,#DIV/0!,
,,,,,,,,,$0.00,#DIV/0!,
,,,,,,,,,$0.00,#DIV/0!,
,,,,,,,,,$0.00,#DIV/0!,
,,,,,,,,,$0.00,#DIV/0!,
,,,,,,,,,$0.00,#DIV/0!,
,,,,,,,,,$0.00,#DIV/0!,
,,,,,,,,,$0.00,#DIV/0!,
,,,,,,,,,$0.00,#DIV/0!,
,,,,,,,,,$0.00,#DIV/0!,
,,,,,,,,,$0.00,#DIV/0!,
,,,,,,,,,$0.00,#DIV/0!,
,,,,,,,,,$0.00,#DIV/0!,
,,,,,,,,,$0.00,#DIV/0!,
,,,,,,,,,$0.00,#DIV/0!,
,,,,,,,,,$0.00,#DIV/0!,
,,,,,,,,,$0.00,#DIV/0!,
,,,,,,,,,$0.00,#DIV/0!,
,,,,,,,,,$0.00,#DIV/0!,
,,,,,,,,,$0.00,#DIV/0!,
,,,,,,,,,$0.00,#DIV/0!,
,,,,,,,,,$0.00,#DIV/0!,
,,,,,,,,,$0.00,#DIV/0!,
,,,,,,,,,$0.00,#DIV/0!,
,,,,,,,,,$0.00,#DIV/0!,
,,,,,,,,,$0.00,#DIV/0!,
,,,,,,,,,$0.00,#DIV/0!,
,,,,,,,,,$0.00,#DIV/0!,
,,,,,,,,,$0.00,#DIV/0!,
,,,,,,,,,$0.00,#DIV/0!,
,,,,,,,,,$0.00,#DIV/0!,
,,,,,,,,,$0.00,#DIV/0!,
,,,,,,,,,$0.00,#DIV/0!,
,,,,,,,,,$0.00,#DIV/0!,
,,,,,,,,,$0.00,#DIV/0!,
,,,,,,,,,$0.00,#DIV/0!,
,,,,,,,,,$0.00,#DIV/0!,
,,,,,,,,,$0.00,#DIV/0!,
,,,,,,,,,$0.00,#DIV/0!,
,,,,,,,,,$0.00,#DIV/0!,
,,,,,,,,,$0.00,#DIV/0!,
,,,,,,,,,$0.00,#DIV/0!,
,,,,,,,,,$0.00,#DIV/0!,
,,,,,,,,,$0.00,#DIV/0!,
,,,,,,,,,$0.00,#DIV/0!,
,,,,,,,,,$0.00,#DIV/0!,
,,,,,,,,,$0.00,#DIV/0!,
,,,,,,,,,$0.00,#DIV/0!,
,,,,,,,,,$0.00,#DIV/0!,
,,,,,,,,,$0.00,#DIV/0!,
,,,,,,,,,$0.00,#DIV/0!,
,,,,,,,,,$0.00,#DIV/0!,
,,,,,,,,,$0.00,#DIV/0!,
,,,,,,,,,$0.00,#DIV/0!,
,,,,,,,,,$0.00,#DIV/0!,
,,,,,,,,,$0.00,#DIV/0!,
,,,,,,,,,$0.00,#DIV/0!,
,,,,,,,,,$0.00,#DIV/0!,
,,,,,,,,,$0.00,#DIV/0!,
,,,,,,,,,$0.00,#DIV/0!,
,,,,,,,,,$0.00,#DIV/0!,
,,,,,,,,,$0.00,#DIV/0!,
,,,,,,,,,$0.00,#DIV/0!,
,,,,,,,,,$0.00,#DIV/0!,
,,,,,,,,,$0.00,#DIV/0!,
,,,,,,,,,$0.00,#DIV/0!,
,,,,,,,,,$0.00,#DIV/0!,
,,,,,,,,,$0.00,#DIV/0!,
,,,,,,,,,$0.00,#DIV/0!,
,,,,,,,,,$0.00,#DIV/0!,
,,,,,,,,,$0.00,#DIV/0!,
,,,,,,,,,$0.00,#DIV/0!,
,,,,,,,,,$0.00,#DIV/0!,
,,,,,,,,,$0.00,#DIV/0!,
,,,,,,,,,$0.00,#DIV/0!,
,,,,,,,,,$0.00,#DIV/0!,
,,,,,,,,,$0.00,#DIV/0!,
,,,,,,,,,$0.00,#DIV/0!,
,,,,,,,,,$0.00,#DIV/0!,
,,,,,,,,,$0.00,#DIV/0!,
,,,,,,,,,$0.00,#DIV/0!,
,,,,,,,,,$0.00,#DIV/0!,
,,,,,,,,,$0.00,#DIV/0!,
,,,,,,,,,$0.00,#DIV/0!,
,,,,,,,,,$0.00,#DIV/0!,
,,,,,,,,,$0.00,#DIV/0!,
,,,,,,,,,$0.00,#DIV/0!,
,,,,,,,,,$0.00,#DIV/0!,
,,,,,,,,,$0.00,#DIV/0!,
,,,,,,,,,$0.00,#DIV/0!,
,,,,,,,,,$0.00,#DIV/0!,
,,,,,,,,,$0.00,#DIV/0!,
,,,,,,,,,$0.00,#DIV/0!,
,,,,,,,,,$0.00,#DIV/0!,
,,,,,,,,,$0.00,#DIV/0!,
,,,,,,,,,$0.00,#DIV/0!,
,,,,,,,,,$0.00,#DIV/0!,
,,,,,,,,,$0.00,#DIV/0!,
,,,,,,,,,$0.00,#DIV/0!,
,,,,,,,,,$0.00,#DIV/0!,
,,,,,,,,,$0.00,#DIV/0!,
,,,,,,,,,$0.00,#DIV/0!,
,,,,,,,,,$0.00,#DIV/0!,
,,,,,,,,,$0.00,#DIV/0!,
,,,,,,,,,$0.00,#DIV/0!,
,,,,,,,,,$0.00,#DIV/0!,
,,,,,,,,,$0.00,#DIV/0!,
,,,,,,,,,$0.00,#DIV/0!,
,,,,,,,,,$0.00,#DIV/0!,
,,,,,,,,,$0.00,#DIV/0!,
,,,,,,,,,$0.00,#DIV/0!,
,,,,,,,,,$0.00,#DIV/0!,
,,,,,,,,,$0.00,#DIV/0!,
,,,,,,,,,$0.00,#DIV/0!,
,,,,,,,,,$0.00,#DIV/0!,
,,,,,,,,,$0.00,#DIV/0!,
,,,,,,,,,$0.00,#DIV/0!,
,,,,,,,,,$0.00,#DIV/0!,
,,,,,,,,,$0.00,#DIV/0!,
,,,,,,,,,$0.00,#DIV/0!,
,,,,,,,,,$0.00,#DIV/0!,
,,,,,,,,,$0.00,#DIV/0!,
,,,,,,,,,$0.00,#DIV/0!,
,,,,,,,,,$0.00,#DIV/0!,
,,,,,,,,,$0.00,#DIV/0!,
,,,,,,,,,$0.00,#DIV/0!,
,,,,,,,,,$0.00,#DIV/0!,
,,,,,,,,,$0.00,#DIV/0!,
,,,,,,,,,$0.00,#DIV/0!,
,,,,,,,,,$0.00,#DIV/0!,
,,,,,,,,,$0.00,#DIV/0!,
,,,,,,,,,$0.00,#DIV/0!,
,,,,,,,,,$0.00,#DIV/0!,
,,,,,,,,,$0.00,#DIV/0!,
,,,,,,,,,$0.00,#DIV/0!,
,,,,,,,,,$0.00,#DIV/0!,
,,,,,,,,,$0.00,#DIV/0!,
,,,,,,,,,$0.00,#DIV/0!,
,,,,,,,,,$0.00,#DIV/0!,
,,,,,,,,,$0.00,#DIV/0!,
,,,,,,,,,$0.00,#DIV/0!,
,,,,,,,,,$0.00,#DIV/0!,
,,,,,,,,,$0.00,#DIV/0!,
,,,,,,,,,$0.00,#DIV/0!,
,,,,,,,,,$0.00,#DIV/0!,
,,,,,,,,,$0.00,#DIV/0!,
,,,,,,,,,$0.00,#DIV/0!,
,,,,,,,,,$0.00,#DIV/0!,
,,,,,,,,,$0.00,#DIV/0!,
,,,,,,,,,$0.00,#DIV/0!,
,,,,,,,,,$0.00,#DIV/0!,
,,,,,,,,,$0.00,#DIV/0!,
,,,,,,,,,$0.00,#DIV/0!,
,,,,,,,,,$0.00,#DIV/0!,
,,,,,,,,,$0.00,#DIV/0!,
,,,,,,,,,$0.00,#DIV/0!,
,,,,,,,,,$0.00,#DIV/0!,
,,,,,,,,,$0.00,#DIV/0!,
,,,,,,,,,$0.00,#DIV/0!,
,,,,,,,,,$0.00,#DIV/0!,
,,,,,,,,,$0.00,#DIV/0!,
,,,,,,,,,$0.00,#DIV/0!,
,,,,,,,,,$0.00,#DIV/0!,
,,,,,,,,,$0.00,#DIV/0!,
,,,,,,,,,$0.00,#DIV/0!,
,,,,,,,,,$0.00,#DIV/0!,
,,,,,,,,,$0.00,#DIV/0!,
,,,,,,,,,$0.00,#DIV/0!,
,,,,,,,,,$0.00,#DIV/0!,
,,,,,,,,,$0.00,#DIV/0!,
,,,,,,,,,$0.00,#DIV/0!,
,,,,,,,,,$0.00,#DIV/0!,
,,,,,,,,,$0.00,#DIV/0!,
,,,,,,,,,$0.00,#DIV/0!,
,,,,,,,,,$0.00,#DIV/0!,
,,,,,,,,,$0.00,#DIV/0!,
,,,,,,,,,$0.00,#DIV/0!,
,,,,,,,,,$0.00,#DIV/0!,
,,,,,,,,,$0.00,#DIV/0!,
,,,,,,,,,$0.00,#DIV/0!,
,,,,,,,,,$0.00,#DIV/0!,
,,,,,,,,,$0.00,#DIV/0!,
,,,,,,,,,$0.00,#DIV/0!,
,,,,,,,,,$0.00,#DIV/0!,
,,,,,,,,,$0.00,#DIV/0!,
,,,,,,,,,$0.00,#DIV/0!,
,,,,,,,,,$0.00,#DIV/0!,
,,,,,,,,,$0.00,#DIV/0!,
,,,,,,,,,$0.00,#DIV/0!,
,,,,,,,,,$0.00,#DIV/0!,
,,,,,,,,,$0.00,#DIV/0!,
,,,,,,,,,$0.00,#DIV/0!,
,,,,,,,,,$0.00,#DIV/0!,
,,,,,,,,,$0.00,#DIV/0!,
,,,,,,,,,$0.00,#DIV/0!,
,,,,,,,,,$0.00,#DIV/0!,
,,,,,,,,,$0.00,#DIV/0!,
,,,,,,,,,$0.00,#DIV/0!,
,,,,,,,,,$0.00,#DIV/0!,
,,,,,,,,,$0.00,#DIV/0!,
,,,,,,,,,$0.00,#DIV/0!,
,,,,,,,,,$0.00,#DIV/0!,
,,,,,,,,,$0.00,#DIV/0!,
,,,,,,,,,$0.00,#DIV/0!,
,,,,,,,,,$0.00,#DIV/0!,
,,,,,,,,,$0.00,#DIV/0!,
,,,,,,,,,$0.00,#DIV/0!,
,,,,,,,,,$0.00,#DIV/0!,
,,,,,,,,,$0.00,#DIV/0!,
,,,,,,,,,$0.00,#DIV/0!,
,,,,,,,,,$0.00,#DIV/0!,
,,,,,,,,,$0.00,#DIV/0!,
,,,,,,,,,$0.00,#DIV/0!,
,,,,,,,,,$0.00,#DIV/0!,
,,,,,,,,,$0.00,#DIV/0!,
,,,,,,,,,$0.00,#DIV/0!,
,,,,,,,,,$0.00,#DIV/0!,
,,,,,,,,,$0.00,#DIV/0!,
,,,,,,,,,$0.00,#DIV/0!,
,,,,,,,,,$0.00,#DIV/0!,
,,,,,,,,,$0.00,#DIV/0!,
,,,,,,,,,$0.00,#DIV/0!,
,,,,,,,,,$0.00,#DIV/0!,
,,,,,,,,,$0.00,#DIV/0!,
,,,,,,,,,$0.00,#DIV/0!,